# frame  time_ps  oxide_zmin_A  oxide_zmax_A  oxide_thickness_A  oxide_top_roughness_A  penetration_max_A  penetration_mean_pos_A  penetration_fraction_gt_2.00A  llzo_center_z_A  metal_center_z_A  center_sep_z_A  Li_metal-La  Li_metal-Zr  Li_metal-O  RMSD_framework_all_A  RMSD_Li_metal_A  RMSD_Li_oxide_A  RMSD_La_A  RMSD_Zr_A  RMSD_O_A  MSD_framework_all_A2  MSD_Li_metal_A2  MSD_Li_oxide_A2  MSD_La_A2  MSD_Zr_A2  MSD_O_A2  CN_Li_metal-O  CN_Li_metal-Li_oxide  CN_Li_oxide-O
0.00000000 0.00000000 73.09752810 155.74543032 82.64790222 3.72237552 0.00000000 0.00000000 0.00000000 53.82004343 132.16799814 78.34795471 3.54454892 4.83728351 3.68676320 0.00000000 0.00000000 0.00000000 0.00000000 0.00000000 0.00000000 0.00000000 0.00000000 0.00000000 0.00000000 0.00000000 0.00000000 0.00000000 0.10660981 1.76532399
10.00000000 0.50000000 73.09322015 155.74973827 82.65651812 3.75225646 0.00000000 0.00000000 0.00000000 53.81401949 132.18513412 78.37111462 3.38278953 4.78387295 3.60130445 0.10187745 0.28069951 0.10946612 0.10139411 0.08261873 0.10486072 0.01037901 0.07879222 0.01198283 0.01028077 0.00682585 0.01099577 0.00000000 0.09168443 1.77933450
20.00000000 1.00000000 73.07999581 155.76296261 82.68296680 3.71808474 0.00000000 0.00000000 0.00000000 53.83107151 132.17848232 78.34741081 3.48150982 4.69888294 3.43657485 0.11232752 0.36975103 0.14329497 0.12738985 0.07620559 0.11335708 0.01261747 0.13671582 0.02053345 0.01622818 0.00580729 0.01284983 0.00000000 0.10234542 1.77057793
30.00000000 1.50000000 73.06098645 155.78197197 82.72098553 3.74362052 0.00000000 0.00000000 0.00000000 53.83795494 132.24245770 78.40450276 3.33580444 4.70532131 3.65392403 0.13345800 0.32778152 0.19163974 0.13599714 0.09609479 0.13809223 0.01781104 0.10744072 0.03672579 0.01849522 0.00923421 0.01906946 0.00000000 0.09594883 1.78809107
40.00000000 2.00000000 73.06952954 155.77342888 82.70389934 3.71773270 0.00000000 0.00000000 0.00000000 53.83189169 132.16272537 78.33083368 3.45007758 4.91991687 3.80086824 0.14410219 0.36222176 0.20859994 0.15889704 0.11406921 0.14469627 0.02076544 0.13120461 0.04351393 0.02524827 0.01301179 0.02093701 0.00000000 0.10874200 1.77933450
50.00000000 2.50000000 73.06997659 155.77298183 82.70300524 3.74145435 0.00000000 0.00000000 0.00000000 53.81227067 132.13624230 78.32397162 3.36346199 4.87335000 3.56459082 0.14346603 0.42002100 0.25119232 0.15337987 0.10275781 0.14668788 0.02058250 0.17641764 0.06309758 0.02352538 0.01055917 0.02151734 0.00000000 0.10021322 1.78809107
60.00000000 3.00000000 73.09044725 155.75251117 82.66206393 3.73992784 0.00000000 0.00000000 0.00000000 53.80543833 132.15714447 78.35170614 3.24407418 4.72861544 3.60041985 0.17033918 0.37492038 0.27669694 0.14694249 0.14894086 0.17891324 0.02901543 0.14056529 0.07656119 0.02159209 0.02218338 0.03200995 0.00000000 0.10021322 1.78108581
70.00000000 3.50000000 72.97460157 155.86835685 82.89375528 3.75292545 0.00000000 0.00000000 0.00000000 53.82523304 132.17702689 78.35179385 3.41895531 4.69924747 3.30897820 0.16937297 0.41193268 0.27526423 0.16369845 0.13166072 0.17621526 0.02868720 0.16968853 0.07577040 0.02679718 0.01733454 0.03105182 0.00000000 0.09594883 1.77232925
80.00000000 4.00000000 73.04019132 155.80276710 82.76257579 3.73164377 0.00000000 0.00000000 0.00000000 53.81123302 132.13460631 78.32337329 3.63719527 4.33003254 3.19186055 0.16553056 0.41785308 0.27344600 0.16191204 0.12758830 0.17190166 0.02740037 0.17460119 0.07477272 0.02621551 0.01627877 0.02955018 0.00000000 0.10660981 1.78633975
90.00000000 4.50000000 73.12792591 155.71503251 82.58710659 3.73922264 0.00000000 0.00000000 0.00000000 53.81400300 132.13708488 78.32308188 3.36634107 4.74454227 3.44093915 0.19041808 0.44071136 0.31977802 0.15552669 0.15992687 0.20262546 0.03625905 0.19422650 0.10225798 0.02418855 0.02557660 0.04105708 0.00000000 0.11300640 1.78984238
100.00000000 5.00000000 73.16125143 155.68170699 82.52045556 3.74295775 0.00000000 0.00000000 0.00000000 53.80066141 132.11827045 78.31760903 3.42903325 4.45030877 2.95434669 0.17011113 0.50272777 0.32460638 0.16030543 0.12612046 0.17866083 0.02893780 0.25273521 0.10536930 0.02569783 0.01590637 0.03191969 0.00000000 0.11087420 1.78108581
110.00000000 5.50000000 73.12755304 155.71540538 82.58785233 3.74854966 0.00000000 0.00000000 0.00000000 53.79249347 132.12597270 78.33347924 2.97968232 3.65754969 2.03856995 0.17996201 0.48368079 0.35964466 0.17341889 0.14468530 0.18674347 0.03238632 0.23394710 0.12934428 0.03007411 0.02093384 0.03487312 0.00213220 0.09808102 1.78809107
120.00000000 6.00000000 73.08327075 155.75968767 82.67641692 3.78053598 0.00000000 0.00000000 0.00000000 53.80961465 132.09694159 78.28732695 3.41374590 2.97869818 1.92900416 0.23530549 0.54377595 0.37719600 0.21892685 0.20835494 0.24335451 0.05536867 0.29569228 0.14227682 0.04792896 0.04341178 0.05922142 0.00426439 0.12793177 1.77933450
130.00000000 6.50000000 73.08178317 155.76117525 82.67939208 3.75297823 0.00000000 0.00000000 0.00000000 53.81934992 132.17100240 78.35165249 3.35456034 2.94223067 1.85070034 0.23942859 0.56560617 0.44262310 0.22381158 0.21670764 0.24670218 0.05732605 0.31991034 0.19591521 0.05009162 0.04696220 0.06086197 0.00426439 0.11940299 1.76532399
140.00000000 7.00000000 73.01315723 155.82980119 82.81664397 3.73748449 0.00000000 0.00000000 0.00000000 53.83806240 132.18504858 78.34698617 3.31132924 2.87795289 1.96343076 0.22527568 0.56348011 0.42676865 0.20687855 0.19395781 0.23436079 0.05074913 0.31750984 0.18213148 0.04279874 0.03761963 0.05492498 0.00426439 0.10234542 1.76532399
150.00000000 7.50000000 72.94349474 155.89946368 82.95596895 3.76979183 0.00000000 0.00000000 0.00000000 53.84864798 132.17054814 78.32190016 3.42919466 3.21273909 2.10111083 0.19763890 0.45610444 0.46713086 0.18963823 0.17325989 0.20332924 0.03906114 0.20803126 0.21821124 0.03596266 0.03001899 0.04134278 0.00213220 0.10447761 1.77057793
160.00000000 8.00000000 73.02131144 155.82164698 82.80033554 3.76367658 0.00000000 0.00000000 0.00000000 53.82465416 132.13132492 78.30667075 3.34533118 3.10160369 1.92877675 0.19828132 0.52780383 0.47122202 0.18732789 0.16056531 0.20646339 0.03931548 0.27857688 0.22205019 0.03509174 0.02578122 0.04262713 0.00426439 0.11087420 1.78984238
170.00000000 8.50000000 73.01289959 155.83005883 82.81715924 3.76502486 0.00000000 0.00000000 0.00000000 53.81302285 132.16345024 78.35042739 3.24968919 3.02108027 1.91260076 0.20625187 0.53948713 0.46370065 0.18887563 0.17886662 0.21450887 0.04253983 0.29104637 0.21501829 0.03567400 0.03199327 0.04601405 0.00426439 0.10874200 1.79159370
180.00000000 9.00000000 73.07869401 155.76426441 82.68557039 3.77761334 0.00000000 0.00000000 0.00000000 53.80343217 132.13026739 78.32683522 3.14168632 2.77511726 1.82497174 0.20284982 0.59674486 0.47490016 0.19180595 0.17317698 0.20999359 0.04114805 0.35610442 0.22553017 0.03678952 0.02999027 0.04409731 0.00426439 0.11300640 1.77758319
190.00000000 9.50000000 73.07722894 155.76572948 82.68850053 3.73942958 0.00000000 0.00000000 0.00000000 53.79865263 132.13359387 78.33494123 3.41365133 2.96556924 1.96729145 0.19417280 0.51256554 0.51345581 0.17216628 0.16970959 0.20298316 0.03770308 0.26272343 0.26363687 0.02964123 0.02880134 0.04120216 0.00426439 0.10447761 1.77933450
200.00000000 10.00000000 73.12593938 155.71701904 82.59107965 3.75626267 0.00000000 0.00000000 0.00000000 53.80295486 132.08380630 78.28085144 3.37624565 3.06903946 2.05755033 0.21078441 0.49542034 0.52449192 0.19546032 0.19963771 0.21621488 0.04443007 0.24544131 0.27509178 0.03820474 0.03985521 0.04674888 0.00426439 0.10874200 1.78984238
210.00000000 10.50000000 73.06195281 155.78100561 82.71905279 3.74196439 0.00000000 0.00000000 0.00000000 53.80273510 132.07755811 78.27482302 3.34420116 2.88699862 1.90129514 0.22509650 0.47881844 0.53192068 0.23639347 0.20230251 0.22580692 0.05066843 0.22926710 0.28293961 0.05588187 0.04092630 0.05098876 0.00426439 0.11727079 1.78984238
220.00000000 11.00000000 73.00983431 155.83312411 82.82328980 3.74687209 0.00000000 0.00000000 0.00000000 53.80422119 132.13121519 78.32699400 3.23774693 3.07264044 2.02252612 0.27420412 0.43835024 0.54737547 0.26531600 0.24972899 0.28022125 0.07518790 0.19215093 0.29961990 0.07039258 0.06236457 0.07852395 0.00426439 0.10660981 1.78984238
230.00000000 11.50000000 73.11020433 155.73275409 82.62254977 3.76390154 0.00000000 0.00000000 0.00000000 53.80415731 132.12305538 78.31889806 3.34855291 3.01579866 1.98373207 0.30788810 0.47887629 0.54394577 0.31535088 0.28588371 0.30953176 0.09479508 0.22932250 0.29587700 0.09944618 0.08172950 0.09580991 0.00426439 0.10660981 1.79159370
240.00000000 12.00000000 72.99065736 155.85230106 82.86164370 3.73229478 0.00000000 0.00000000 0.00000000 53.83932545 132.16042200 78.32109656 3.18658965 3.02856888 1.98410181 0.27126521 0.55521449 0.55299117 0.29753066 0.24189638 0.26900134 0.07358481 0.30826313 0.30579923 0.08852450 0.05851386 0.07236172 0.00426439 0.09808102 1.78283713
250.00000000 12.50000000 72.97447742 155.86848100 82.89400358 3.78761626 0.00000000 0.00000000 0.00000000 53.84843759 132.15375842 78.30532083 3.32960794 3.06033583 1.84118683 0.22129396 0.51128665 0.54907113 0.26177645 0.16427308 0.21850920 0.04897102 0.26141404 0.30147910 0.06852691 0.02698564 0.04774627 0.00852878 0.10874200 1.79509632
260.00000000 13.00000000 73.00596572 155.83699270 82.83102698 3.75185754 0.04879376 0.04879376 0.00000000 53.85142235 132.10690950 78.25548716 3.29377767 2.97703852 1.86534566 0.18423642 0.53368675 0.55647393 0.23299003 0.12477468 0.17866204 0.03394306 0.28482155 0.30966324 0.05428436 0.01556872 0.03192012 0.00852878 0.11727079 1.78108581
270.00000000 13.50000000 73.01526588 155.82769254 82.81242667 3.75968384 0.27765028 0.27765028 0.00000000 53.84977090 132.13310601 78.28333510 3.34406737 3.02888248 1.87989086 0.18177807 0.58281352 0.56183326 0.24106464 0.11342017 0.17360654 0.03304327 0.33967159 0.31565662 0.05811216 0.01286413 0.03013923 0.00852878 0.11087420 1.76707531
280.00000000 14.00000000 72.97085339 155.87210503 82.90125163 3.75000527 0.39115166 0.39115166 0.00000000 53.84203410 132.14061059 78.29857649 3.33731342 2.85547786 1.93482402 0.18221354 0.74930014 0.58357369 0.23802444 0.11885391 0.17469277 0.03320177 0.56145070 0.34055825 0.05665563 0.01412625 0.03051756 0.00852878 0.11513859 1.78984238
290.00000000 14.50000000 73.10795298 155.73500544 82.62705246 3.72290791 0.13890522 0.13890522 0.00000000 53.81785109 132.08942425 78.27157316 3.26115658 2.90383401 1.91095641 0.18232133 0.83907046 0.55936535 0.24166862 0.11998496 0.17346811 0.03324107 0.70403923 0.31288960 0.05840372 0.01439639 0.03009118 0.00852878 0.11087420 1.79334501
300.00000000 15.00000000 73.03841573 155.80454269 82.76612695 3.74240374 0.60483029 0.60483029 0.00000000 53.82683208 132.15332818 78.32649609 3.34530269 2.89085206 1.82428782 0.21667964 0.90729784 0.56698163 0.28635299 0.15581187 0.20485815 0.04695007 0.82318936 0.32146816 0.08199804 0.02427734 0.04196686 0.01066098 0.11087420 1.77408056
310.00000000 15.50000000 73.04880877 155.79414965 82.74534087 3.74736043 0.88617474 0.88617474 0.00000000 53.84053392 132.08620265 78.24566873 3.26545580 2.93583568 1.79156227 0.22014307 0.92442714 0.57432870 0.28663622 0.17512738 0.20737452 0.04846297 0.85456554 0.32985346 0.08216032 0.03066960 0.04300419 0.01066098 0.11087420 1.79684764
320.00000000 16.00000000 72.97671546 155.86624296 82.88952750 3.73906195 1.03991817 1.03991817 0.00000000 53.83418240 132.14797527 78.31379287 3.23361319 2.73830634 1.85222132 0.22978011 0.93198396 0.56862048 0.29167305 0.17354545 0.22025094 0.05279890 0.86859409 0.32332925 0.08507317 0.03011802 0.04851048 0.01279318 0.11727079 1.78809107
330.00000000 16.50000000 72.96383919 155.87911923 82.91528004 3.73562581 1.08709807 1.08709807 0.00000000 53.86890604 132.09167149 78.22276545 2.91330563 2.89884303 1.80661310 0.21791529 0.94293496 0.56491449 0.27458944 0.16714238 0.20920665 0.04748708 0.88912634 0.31912838 0.07539936 0.02793657 0.04376742 0.01492537 0.11940299 1.76882662
340.00000000 17.00000000 72.92225395 155.92070447 82.99845052 3.77834727 1.06625058 1.06625058 0.00000000 53.83894304 132.09468674 78.25574370 3.05680907 3.09272404 1.83988122 0.23968791 0.91888118 0.60501936 0.29184165 0.19078438 0.23244050 0.05745030 0.84434262 0.36604842 0.08517155 0.03639868 0.05402859 0.01492537 0.11087420 1.78984238
350.00000000 17.50000000 73.05350989 155.78944853 82.73593863 3.75781610 0.98895697 0.98895697 0.00000000 53.83978150 132.10434603 78.26456453 3.04427920 2.97606863 1.85149670 0.22930832 0.96012933 0.60767447 0.29635619 0.17154757 0.21824319 0.05258231 0.92184833 0.36926826 0.08782699 0.02942857 0.04763009 0.01492537 0.11513859 1.78984238
360.00000000 18.00000000 73.01872868 155.82422974 82.80550107 3.73868907 1.01022977 1.01022977 0.00000000 53.85302670 132.09859426 78.24556756 3.09271973 2.88663266 1.83944877 0.23580721 1.00045452 0.60062304 0.28274647 0.19849672 0.22851825 0.05560504 1.00090925 0.36074803 0.07994557 0.03940095 0.05222059 0.01279318 0.11727079 1.77583187
370.00000000 18.50000000 72.99037507 155.85258335 82.86220827 3.75663066 0.95954064 0.95954064 0.00000000 53.85245913 132.11422797 78.26176884 2.96395867 3.07855184 1.88486248 0.27020788 1.02826215 0.61852764 0.32601115 0.23477370 0.26014770 0.07301230 1.05732305 0.38257645 0.10628327 0.05511869 0.06767682 0.01705757 0.11513859 1.76707531
380.00000000 19.00000000 73.04078306 155.80217536 82.76139231 3.74358607 0.97443435 0.97443435 0.00000000 53.84959037 132.14493446 78.29534409 3.04577779 2.78874089 1.83082984 0.26590507 1.00697927 0.62251086 0.32137860 0.22566359 0.25662763 0.07070551 1.01400725 0.38751978 0.10328421 0.05092405 0.06585774 0.01279318 0.12579957 1.78283713
390.00000000 19.50000000 72.99230114 155.85065728 82.85835614 3.75457264 0.87607672 0.87607672 0.00000000 53.84206327 132.07069143 78.22862816 2.98619218 2.87230803 1.83514635 0.20894048 0.96705887 0.61417016 0.25607543 0.15174885 0.20399649 0.04365613 0.93520286 0.37720499 0.06557463 0.02302771 0.04161457 0.01492537 0.12366738 1.79509632
400.00000000 20.00000000 72.98484546 155.85811296 82.87326751 3.74529656 1.25696103 1.25696103 0.00000000 53.82705263 132.14340464 78.31635201 3.05613338 2.95439008 1.80454814 0.20141905 0.95251430 0.57631032 0.25006805 0.14794159 0.19542864 0.04056963 0.90728350 0.33213359 0.06253403 0.02188671 0.03819235 0.01492537 0.10874200 1.78283713
410.00000000 20.50000000 73.02801400 155.81494442 82.78693043 3.74190859 0.83781175 0.83781175 0.00000000 53.84407583 132.11433286 78.27025704 3.03587239 2.92560143 1.83671302 0.18704688 0.92563345 0.57843447 0.22857578 0.13455796 0.18298879 0.03498654 0.85679728 0.33458644 0.05224689 0.01810584 0.03348490 0.01492537 0.12579957 1.78283713
420.00000000 21.00000000 73.07509772 155.76786070 82.69276297 3.73618452 0.86874618 0.86874618 0.00000000 53.82162661 132.10130297 78.27967637 3.10786157 2.84799840 1.78279645 0.19078058 1.01296446 0.60173908 0.26416837 0.13143357 0.17674099 0.03639723 1.02609700 0.36208992 0.06978493 0.01727478 0.03123738 0.01492537 0.12579957 1.78283713
430.00000000 21.50000000 73.02215691 155.82080151 82.79864460 3.75881269 0.98074752 0.98074752 0.00000000 53.80713407 132.07911301 78.27197894 3.09561393 2.91002982 1.81269492 0.27066868 1.06307368 0.60854690 0.31089086 0.23463699 0.26542068 0.07326153 1.13012565 0.37032933 0.09665312 0.05505452 0.07044814 0.01492537 0.12153518 1.78984238
440.00000000 22.00000000 73.01043020 155.83252822 82.82209801 3.74996202 0.97476274 0.97476274 0.00000000 53.81907497 132.08293059 78.26385562 3.09252653 2.95025155 1.79980333 0.31281281 1.04592104 0.61841961 0.35485274 0.27870820 0.30691525 0.09785186 1.09395082 0.38244281 0.12592047 0.07767826 0.09419697 0.01492537 0.12153518 1.79859895
450.00000000 22.50000000 73.00754570 155.83541272 82.82786701 3.77065585 1.19900076 1.19900076 0.00000000 53.81671734 132.12489676 78.30817942 2.89123090 2.84723933 1.83554345 0.29624672 1.12893353 0.62671094 0.35513452 0.25597909 0.28614446 0.08776212 1.27449092 0.39276660 0.12612052 0.06552530 0.08187865 0.01492537 0.11300640 1.78108581
460.00000000 23.00000000 73.02731440 155.81564402 82.78832961 3.73760948 0.94679009 0.94679009 0.00000000 53.83820937 132.05877122 78.22056185 2.84167397 3.00729515 1.86709661 0.29477914 1.11562317 0.62152744 0.34646650 0.25639254 0.28659193 0.08689474 1.24461505 0.38629636 0.12003903 0.06573714 0.08213494 0.01279318 0.12793177 1.78283713
470.00000000 23.50000000 72.97067230 155.87228612 82.90161382 3.77531566 0.74363809 0.74363809 0.00000000 53.85360777 132.13681929 78.28321152 3.14868488 2.87542905 1.93890281 0.29242497 1.02137366 0.62170340 0.34599043 0.26423671 0.28209631 0.08551236 1.04320416 0.38651511 0.11970938 0.06982104 0.07957833 0.01279318 0.12153518 1.78108581
480.00000000 24.00000000 73.10006817 155.74289025 82.64282207 3.74327437 0.65839233 0.65839233 0.00000000 53.83162813 132.07759386 78.24596573 3.06496380 2.78430010 1.85118666 0.25644835 1.04244637 0.60156192 0.30954352 0.21682039 0.24774720 0.06576575 1.08669444 0.36187674 0.09581719 0.04701108 0.06137867 0.01279318 0.11513859 1.80035026
490.00000000 24.50000000 73.04856321 155.79439521 82.74583200 3.73731148 1.01806489 1.01806489 0.00000000 53.84538748 132.09687430 78.25148682 2.97827829 2.89595260 1.84932275 0.25175208 1.04011080 0.60461981 0.30870005 0.20477898 0.24284577 0.06337911 1.08183047 0.36556512 0.09529572 0.04193443 0.05897407 0.01279318 0.12579957 1.78984238
500.00000000 25.00000000 73.02673881 155.81621961 82.78948081 3.74655919 0.81073012 0.81073012 0.00000000 53.83986960 132.11708617 78.27721657 3.10215943 2.97836232 1.95362156 0.26896882 1.02782019 0.59645694 0.31235691 0.23103915 0.26305785 0.07234423 1.05641434 0.35576088 0.09756684 0.05337909 0.06919943 0.01279318 0.11513859 1.78633975
510.00000000 25.50000000 73.02648586 155.81647256 82.78998670 3.72614973 0.85927831 0.85927831 0.00000000 53.82757969 132.09960912 78.27202943 3.14154425 2.91486310 1.86376086 0.27088655 1.12336750 0.62147956 0.32729533 0.23533190 0.26065989 0.07337952 1.26195454 0.38623685 0.10712223 0.05538110 0.06794358 0.01279318 0.12579957 1.79334501
520.00000000 26.00000000 73.03229550 155.81066292 82.77836742 3.73085245 0.90501295 0.90501295 0.00000000 53.83620503 132.10101347 78.26480844 3.02635090 3.01422573 1.89678033 0.24617415 1.04807543 0.61251810 0.30102518 0.21132435 0.23612579 0.06060171 1.09846210 0.37517842 0.09061616 0.04465798 0.05575539 0.01279318 0.11513859 1.79859895
530.00000000 26.50000000 73.06433816 155.77862026 82.71428209 3.75146453 0.87322127 0.87322127 0.00000000 53.84153750 132.10920189 78.26766439 3.16979370 2.86210401 1.83673308 0.26380833 1.06506524 0.60159485 0.31181811 0.23332594 0.25536552 0.06959484 1.13436396 0.36191636 0.09723053 0.05444100 0.06521155 0.01279318 0.11940299 1.77057793
540.00000000 27.00000000 72.95300181 155.88995661 82.93695481 3.76524300 1.07892474 1.07892474 0.00000000 53.85777417 132.15927060 78.30149643 2.98065742 2.97631613 1.83751560 0.27909228 1.14008040 0.60726641 0.33831237 0.24360701 0.26803575 0.07789250 1.29978332 0.36877249 0.11445526 0.05934437 0.07184317 0.01279318 0.10234542 1.79509632
550.00000000 27.50000000 72.99473135 155.84822707 82.85349572 3.75456780 0.97133047 0.97133047 0.00000000 53.86810069 132.12507387 78.25697318 3.11264448 2.84634657 1.86658685 0.29550574 1.20584907 0.62547980 0.35767358 0.25247845 0.28478355 0.08732364 1.45407198 0.39122498 0.12793039 0.06374537 0.08110167 0.01279318 0.11940299 1.79334501
560.00000000 28.00000000 73.05193576 155.79102266 82.73908691 3.75435355 0.80418103 0.80418103 0.00000000 53.83909264 132.09580255 78.25670991 3.22423763 2.86878098 1.80157579 0.28634649 1.14065843 0.63175987 0.33549505 0.25269424 0.27816719 0.08199432 1.30110165 0.39912054 0.11255693 0.06385438 0.07737698 0.01279318 0.11300640 1.80560420
570.00000000 28.50000000 72.98311990 155.85983852 82.87671862 3.75354670 1.08711186 1.08711186 0.00000000 53.84950127 132.07465225 78.22515098 3.14981103 2.91831896 1.89258144 0.30909426 1.12070501 0.62302758 0.35376369 0.27461916 0.30247450 0.09553926 1.25597972 0.38816337 0.12514875 0.07541568 0.09149082 0.01279318 0.11300640 1.79334501
580.00000000 29.00000000 73.04136797 155.80159045 82.76022248 3.73698638 0.70303787 0.70303787 0.00000000 53.85348218 132.13054086 78.27705868 3.04320346 2.95077455 1.86891398 0.36394165 1.08243612 0.64421399 0.42126250 0.34077829 0.35202555 0.13245352 1.17166795 0.41501167 0.17746210 0.11612985 0.12392199 0.01279318 0.11727079 1.78108581
590.00000000 29.50000000 72.98159957 155.86135885 82.87975929 3.74454978 0.73962473 0.73962473 0.00000000 53.84871024 132.15492936 78.30621912 3.29772127 2.79582422 1.86642186 0.37948984 1.00841260 0.63048018 0.42434873 0.35504502 0.37147047 0.14401254 1.01689598 0.39750526 0.18007185 0.12605697 0.13799031 0.01279318 0.11087420 1.78108581
600.00000000 30.00000000 72.96008151 155.88287691 82.92279540 3.77258636 0.91438069 0.91438069 0.00000000 53.85147190 132.09593586 78.24446397 3.17335283 2.90492529 1.80470942 0.34999486 0.96386806 0.61298797 0.39126367 0.32757762 0.34260800 0.12249640 0.92904163 0.37575425 0.15308726 0.10730710 0.11738024 0.01279318 0.11300640 1.78458844
610.00000000 30.50000000 73.01536220 155.82759622 82.81223403 3.73146923 0.70030170 0.70030170 0.00000000 53.83913542 132.11156652 78.27243110 3.27588037 2.92795339 1.77173497 0.34055535 1.07814963 0.62681937 0.39173676 0.30810381 0.33183782 0.11597794 1.16240662 0.39290252 0.15345769 0.09492796 0.11011634 0.01279318 0.11513859 1.78809107
620.00000000 31.00000000 73.06249358 155.78046484 82.71797125 3.74671762 0.99828532 0.99828532 0.00000000 53.84694867 132.08950321 78.24255454 3.19567169 3.00263807 1.78943662 0.35720814 1.06687503 0.63868244 0.40190796 0.32362629 0.35060688 0.12759766 1.13822233 0.40791526 0.16153001 0.10473397 0.12292518 0.01279318 0.12366738 1.79334501
630.00000000 31.50000000 73.03321783 155.80974059 82.77652275 3.72707498 1.05682314 1.05682314 0.00000000 53.84368952 132.09688505 78.25319554 3.08546029 3.01506241 1.77364735 0.33711724 1.00725624 0.62455697 0.38866856 0.31305004 0.32695899 0.11364804 1.01456514 0.39007141 0.15106325 0.09800033 0.10690218 0.01279318 0.11300640 1.79684764
640.00000000 32.00000000 72.95885275 155.88410567 82.92525292 3.74222739 1.06485780 1.06485780 0.00000000 53.85507347 132.08308326 78.22800980 3.12254747 2.86706132 1.77404701 0.32711098 1.08574226 0.61566831 0.37087575 0.29705018 0.32014359 0.10700160 1.17883626 0.37904747 0.13754882 0.08823881 0.10249192 0.01279318 0.12579957 1.78283713
650.00000000 32.50000000 72.83992211 156.00303631 83.16311420 3.78219801 0.88630308 0.88630308 0.00000000 53.87508459 132.14033833 78.26525373 3.06101485 3.04984639 1.89258634 0.33987850 1.07309427 0.61745380 0.38853563 0.30121453 0.33284825 0.11551739 1.15153130 0.38124919 0.15095993 0.09073019 0.11078796 0.01279318 0.11300640 1.77583187
660.00000000 33.00000000 72.94678713 155.89617129 82.94938417 3.76038014 0.55296625 0.55296625 0.00000000 53.87277688 132.16503865 78.29226177 2.93970125 2.96919748 1.87427123 0.37386734 1.05799325 0.64019521 0.42620562 0.34300362 0.36468580 0.13977679 1.11934971 0.40984991 0.18165123 0.11765149 0.13299573 0.01279318 0.10874200 1.77933450
670.00000000 33.50000000 72.93726030 155.90569812 82.96843781 3.74426517 0.75921470 0.75921470 0.00000000 53.85992112 132.07794340 78.21802228 3.28425243 2.98069881 1.80051342 0.31911825 1.01453211 0.61201029 0.37324963 0.27925878 0.31055099 0.10183646 1.02927540 0.37455660 0.13931529 0.07798547 0.09644191 0.01279318 0.11300640 1.80035026
680.00000000 34.00000000 72.91554352 155.92741490 83.01187138 3.74303510 1.12457816 1.12457816 0.00000000 53.87012824 132.08960922 78.21948098 2.96405879 2.69196446 1.77318599 0.28015756 0.98712459 0.61345944 0.32976026 0.25085148 0.27114294 0.07848826 0.97441495 0.37633248 0.10874183 0.06292647 0.07351850 0.01492537 0.11940299 1.78984238
690.00000000 34.50000000 72.96016264 155.88279578 82.92263314 3.76153460 0.82665507 0.82665507 0.00000000 53.86589651 132.13509551 78.26919900 3.22403323 2.79005044 1.85520939 0.26064417 0.94737555 0.61153823 0.30707810 0.23091744 0.25254784 0.06793538 0.89752044 0.37397901 0.09429696 0.05332287 0.06378041 0.01279318 0.11727079 1.78283713
700.00000000 35.00000000 72.88617673 155.95678169 83.07060496 3.74348163 0.78953841 0.78953841 0.00000000 53.87761897 132.06154160 78.18392263 3.28536392 2.95033672 1.89094326 0.25564426 0.99064596 0.59697142 0.31259123 0.22157313 0.24489601 0.06535399 0.98137942 0.35637487 0.09771328 0.04909465 0.05997405 0.01279318 0.12366738 1.79159370
710.00000000 35.50000000 72.97469064 155.86826778 82.89357713 3.75688588 0.99769137 0.99769137 0.00000000 53.83443904 132.08675311 78.25231407 3.11157136 3.06070085 1.73272711 0.23333208 1.00982342 0.57466214 0.28208326 0.19369869 0.22579385 0.05444386 1.01974334 0.33023658 0.07957097 0.03751918 0.05098286 0.01279318 0.11300640 1.79334501
720.00000000 36.00000000 73.02053085 155.82242757 82.80189673 3.76232196 0.79395604 0.79395604 0.00000000 53.83460472 132.09418158 78.25957686 3.20475914 2.86493529 1.79282356 0.26049581 1.01341223 0.61086723 0.31851295 0.21944085 0.25048737 0.06785807 1.02700436 0.37315877 0.10145050 0.04815429 0.06274392 0.01279318 0.10874200 1.79159370
730.00000000 36.50000000 72.96450197 155.87845645 82.91395448 3.75600016 0.96686371 0.96686371 0.00000000 53.84969907 132.04532633 78.19562726 3.02902347 2.81025771 1.81713048 0.27835816 1.03398849 0.61430517 0.32126059 0.24652917 0.27172860 0.07748327 1.06913219 0.37737084 0.10320837 0.06077663 0.07383643 0.01279318 0.10874200 1.78809107
740.00000000 37.00000000 72.96886485 155.87409357 82.90522873 3.78760709 0.59029567 0.59029567 0.00000000 53.85539253 132.10713237 78.25173983 3.22981002 2.81564684 1.79632831 0.30901945 1.00858848 0.60695884 0.35943162 0.27165112 0.30113941 0.09549302 1.01725073 0.36839904 0.12919109 0.07379433 0.09068495 0.01279318 0.11940299 1.78809107
750.00000000 37.50000000 72.86342823 155.97953019 83.11610197 3.73380711 1.07233543 1.07233543 0.00000000 53.87776362 132.11593178 78.23816816 3.05578788 2.94178822 1.77806500 0.33102958 1.03090060 0.62897465 0.38669802 0.29945101 0.32079614 0.10958058 1.06275605 0.39560911 0.14953536 0.08967091 0.10291017 0.01279318 0.11087420 1.78809107
760.00000000 38.00000000 72.97731976 155.86563866 82.88831890 3.76437288 0.91864410 0.91864410 0.00000000 53.86951481 132.08749096 78.21797615 3.14432874 2.88999626 1.85594697 0.33999129 0.99608048 0.63752404 0.38906313 0.30247254 0.33266722 0.11559408 0.99217633 0.40643690 0.15137012 0.09148964 0.11066748 0.01279318 0.11513859 1.78108581
770.00000000 38.50000000 72.87742047 155.96553795 83.08811748 3.74068953 0.35026524 0.35026524 0.00000000 53.88478457 132.09400496 78.20922039 3.02967667 2.75535567 1.85831115 0.32875942 1.04772406 0.62630782 0.37997531 0.30179431 0.31912688 0.10808276 1.09772571 0.39226148 0.14438124 0.09107981 0.10184196 0.01066098 0.11940299 1.78458844
780.00000000 39.00000000 73.03742115 155.80553727 82.76811612 3.76176568 0.75043536 0.75043536 0.00000000 53.85251969 132.06980446 78.21728478 2.97721794 2.99689039 1.81848477 0.32812749 1.05194160 0.62645767 0.37739483 0.29589823 0.31989034 0.10766765 1.10658113 0.39244921 0.14242686 0.08755576 0.10232983 0.01279318 0.10021322 1.78984238
790.00000000 39.50000000 72.96945178 155.87350664 82.90405487 3.78053224 1.05413280 1.05413280 0.00000000 53.83753463 132.10725942 78.26972479 3.26503487 2.92300495 1.85654675 0.33650043 1.05807137 0.64335091 0.39439641 0.29945554 0.32646597 0.11323254 1.11951503 0.41390039 0.15554853 0.08967362 0.10658003 0.01279318 0.10660981 1.78633975
800.00000000 40.00000000 73.07970270 155.76325572 82.68355301 3.76187308 0.85419700 0.85419700 0.00000000 53.81494571 132.09144489 78.27649918 3.14610865 3.06704335 1.71948128 0.36299306 0.99160120 0.66431667 0.40638301 0.32987493 0.35671078 0.13176396 0.98327293 0.44131664 0.16514715 0.10881747 0.12724258 0.01279318 0.11087420 1.77758319
810.00000000 40.50000000 73.04762580 155.79533262 82.74770682 3.75684525 0.74163810 0.74163810 0.00000000 53.83344120 132.08518689 78.25174568 3.13302413 2.84957062 1.76937487 0.39428693 1.06718033 0.67241561 0.43040404 0.35670010 0.39079452 0.15546218 1.13887386 0.45214275 0.18524764 0.12723496 0.15272036 0.01492537 0.11300640 1.78633975
820.00000000 41.00000000 73.02833667 155.81462175 82.78628509 3.76285214 0.85575473 0.85575473 0.00000000 53.83109139 132.08769721 78.25660582 3.15098026 2.91001987 1.79418923 0.41047779 1.11857578 0.69528997 0.45209105 0.38340073 0.40385776 0.16849202 1.25121177 0.48342814 0.20438632 0.14699612 0.16310109 0.01492537 0.11940299 1.77758319
830.00000000 41.50000000 72.93228905 155.91066937 82.97838033 3.75333864 0.98202336 0.98202336 0.00000000 53.86333528 132.08698606 78.22365078 2.98989578 2.77329145 1.82715682 0.37044454 1.07372289 0.64325024 0.42055889 0.33419063 0.36273493 0.13722916 1.15288085 0.41377087 0.17686978 0.11168338 0.13157663 0.01492537 0.11513859 1.79334501
840.00000000 42.00000000 72.96848159 155.87447683 82.90599525 3.75052861 1.08889165 1.08889165 0.00000000 53.85631661 132.10700552 78.25068891 2.95656901 2.86935629 1.83031544 0.32383495 1.07569220 0.64748526 0.36587729 0.29581372 0.31703893 0.10486908 1.15711371 0.41923716 0.13386619 0.08750576 0.10051368 0.01705757 0.11087420 1.77933450
850.00000000 42.50000000 72.89591140 155.94704702 83.05113562 3.76121800 1.10132620 1.10132620 0.00000000 53.88081454 132.16967502 78.28886048 3.08363941 2.77805139 1.80301631 0.32958600 1.06537096 0.63006853 0.38404887 0.30553248 0.31852224 0.10862693 1.13501529 0.39698635 0.14749353 0.09335009 0.10145642 0.01492537 0.11300640 1.78283713
860.00000000 43.00000000 72.99284387 155.85011455 82.85727067 3.74052205 0.94682116 0.94682116 0.00000000 53.85786349 132.10739315 78.24952966 3.01493726 2.79926544 1.80523872 0.28480798 1.05754125 0.63070682 0.34428605 0.25408299 0.27298504 0.08111559 1.11839349 0.39779110 0.11853288 0.06455816 0.07452083 0.01492537 0.11300640 1.78984238
870.00000000 43.50000000 72.97265676 155.87030166 82.89764491 3.75272849 1.15497011 1.15497011 0.00000000 53.83960772 132.07406056 78.23445284 3.02272262 2.82805751 1.80494840 0.27588290 1.01387275 0.63918992 0.32984802 0.23993634 0.26651380 0.07611137 1.02793795 0.40856375 0.10879972 0.05756945 0.07102961 0.01279318 0.11300640 1.78809107
880.00000000 44.00000000 73.11416767 155.72879075 82.61462308 3.69776279 0.92005990 0.92005990 0.00000000 53.81964984 132.10827640 78.28862656 3.16109495 2.72050620 1.81330285 0.22867761 1.04801525 0.61923954 0.28603050 0.19007882 0.21819112 0.05229345 1.09833596 0.38345761 0.08181344 0.03612996 0.04760736 0.01279318 0.10874200 1.80035026
890.00000000 44.50000000 73.05633769 155.78662073 82.73028303 3.75585258 1.04152133 1.04152133 0.00000000 53.82152208 132.07543587 78.25391379 3.04642524 2.85877189 1.81939275 0.24214011 1.10569676 0.62744739 0.29537271 0.18779178 0.23531442 0.05863183 1.22256532 0.39369022 0.08724504 0.03526575 0.05537288 0.01279318 0.12579957 1.78458844
900.00000000 45.00000000 73.05011902 155.79283940 82.74272038 3.77141576 0.83549880 0.83549880 0.00000000 53.83944325 132.04497836 78.20553511 3.16917680 3.02123263 1.87613446 0.21265516 1.08047305 0.60672782 0.25730882 0.15903181 0.20808090 0.04522222 1.16742201 0.36811864 0.06620783 0.02529112 0.04329766 0.01279318 0.12366738 1.80035026
910.00000000 45.50000000 73.02118295 155.82177547 82.80059253 3.75544214 1.03676829 1.03676829 0.00000000 53.84851386 132.10744452 78.25893065 3.04177821 2.83351736 1.74973706 0.23603050 1.04461825 0.62178649 0.29428284 0.19206957 0.22610619 0.05571040 1.09122728 0.38661844 0.08660239 0.03689072 0.05112401 0.01279318 0.11513859 1.78283713
920.00000000 46.00000000 72.99592188 155.84703654 82.85111465 3.75313878 0.69900858 0.69900858 0.00000000 53.86215468 132.09090505 78.22875037 3.12920567 3.12689266 1.79792366 0.23829410 1.09501968 0.60686246 0.28234681 0.19945320 0.23212909 0.05678408 1.19906810 0.36828205 0.07971972 0.03978158 0.05388391 0.01279318 0.11300640 1.78108581
930.00000000 46.50000000 73.06631881 155.77663961 82.71032080 3.73277971 0.68672585 0.68672585 0.00000000 53.84342871 132.11566589 78.27223718 3.23722983 3.05191445 1.81405602 0.24138399 1.09897141 0.62187679 0.28722674 0.19121150 0.23627396 0.05826623 1.20773816 0.38673075 0.08249920 0.03656184 0.05582538 0.01279318 0.11513859 1.79684764
940.00000000 47.00000000 72.96587975 155.87707867 82.91119891 3.74267875 0.91468366 0.91468366 0.00000000 53.84087131 132.11805834 78.27718702 2.97141497 2.85008086 1.82388261 0.27236954 1.08728020 0.64069763 0.32912624 0.23691135 0.26203079 0.07418516 1.18217823 0.41049345 0.10832408 0.05612699 0.06866013 0.01279318 0.11513859 1.77933450
950.00000000 47.50000000 73.04864022 155.79431820 82.74567799 3.73675104 0.86997349 0.86997349 0.00000000 53.83383738 132.08781355 78.25397616 3.28473860 2.93329666 1.75698735 0.30107930 1.08339382 0.64582263 0.35835349 0.26066555 0.29153100 0.09064874 1.17374218 0.41708686 0.12841722 0.06794653 0.08499033 0.01279318 0.10874200 1.78633975
960.00000000 48.00000000 73.00843289 155.83452553 82.82609265 3.76809787 0.99815753 0.99815753 0.00000000 53.81410313 132.06206058 78.24795745 3.18081617 2.87264237 1.83878707 0.29238241 1.09087211 0.64160417 0.35227578 0.24832916 0.28249744 0.08548747 1.19000195 0.41165591 0.12409823 0.06166737 0.07980480 0.01279318 0.11300640 1.79159370
970.00000000 48.50000000 73.06970127 155.77325715 82.70355588 3.72064737 0.76663248 0.76663248 0.00000000 53.82970099 132.08448520 78.25478421 3.20655705 2.73087930 1.89292750 0.26475017 1.07025808 0.62510135 0.31503358 0.21726596 0.25810650 0.07009265 1.14545236 0.39075170 0.09924616 0.04720450 0.06661897 0.01279318 0.11513859 1.80385289
980.00000000 49.00000000 72.93074028 155.91221814 82.98147786 3.76973570 1.01446186 1.01446186 0.00000000 53.86502710 132.11793377 78.25290667 3.15419243 2.87421538 1.84128651 0.25224973 1.12119864 0.60766717 0.31487108 0.20100092 0.24212163 0.06362993 1.25708640 0.36925939 0.09914380 0.04040137 0.05862289 0.01279318 0.11940299 1.78809107
990.00000000 49.50000000 73.01166457 155.83129385 82.81962928 3.75085811 0.86900725 0.86900725 0.00000000 53.86438166 132.12848982 78.26410815 3.21029114 3.01919972 1.84488917 0.20812593 1.07008974 0.58602538 0.26202044 0.15338885 0.20069846 0.04331640 1.14509204 0.34342575 0.06865471 0.02352814 0.04027987 0.01279318 0.11300640 1.78633975
1000.00000000 50.00000000 72.94938733 155.89357109 82.94418375 3.74123793 1.03864569 1.03864569 0.00000000 53.84724041 132.07627192 78.22903151 3.05778421 2.83595178 1.84956133 0.20797680 1.05232937 0.61343509 0.26966806 0.14987456 0.19837603 0.04325435 1.10739710 0.37630261 0.07272086 0.02246238 0.03935305 0.01279318 0.11087420 1.78984238
1010.00000000 50.50000000 73.00475992 155.83819850 82.83343857 3.73002979 1.25036407 1.25036407 0.00000000 53.81361588 132.08878860 78.27517272 2.91631975 2.82772250 1.82963370 0.22446915 1.13046394 0.64182002 0.28390111 0.16319921 0.21631406 0.05038640 1.27794872 0.41193294 0.08059984 0.02663398 0.04679177 0.01279318 0.11513859 1.79159370
1020.00000000 51.00000000 72.99566185 155.84729657 82.85163472 3.75684816 0.77854484 0.77854484 0.00000000 53.82077578 132.09510410 78.27432832 3.01989863 3.05683514 1.75303885 0.23157915 1.08638373 0.63260109 0.28915684 0.18882553 0.22165028 0.05362890 1.18022962 0.40018414 0.08361168 0.03565508 0.04912885 0.01279318 0.11727079 1.78283713
1030.00000000 51.50000000 72.95510622 155.88785220 82.93274598 3.74271418 0.84507625 0.84507625 0.00000000 53.85956166 132.09672540 78.23716374 3.18144299 2.80882165 1.83035616 0.23673709 1.10517564 0.64259262 0.28273918 0.19040254 0.23101678 0.05604445 1.22141319 0.41292528 0.07994145 0.03625313 0.05336875 0.01492537 0.11513859 1.79159370
1040.00000000 52.00000000 73.04072505 155.80223337 82.76150831 3.74083241 0.83472858 0.83472858 0.00000000 53.82542155 132.10566244 78.28024089 3.29619014 2.91119924 1.83337603 0.25483009 1.09994384 0.64217438 0.31057172 0.20131959 0.24723957 0.06493838 1.20987645 0.41238793 0.09645479 0.04052958 0.06112741 0.01279318 0.11087420 1.79334501
1050.00000000 52.50000000 73.08257925 155.76037917 82.67779992 3.72287794 0.71829426 0.71829426 0.00000000 53.80585396 132.07195603 78.26610207 3.23662073 2.99349771 1.85421106 0.23504684 1.07527272 0.63925504 0.29380747 0.18402196 0.22592451 0.05524702 1.15621141 0.40864700 0.08632283 0.03386408 0.05104189 0.01279318 0.11300640 1.79684764
1060.00000000 53.00000000 72.99125323 155.85170519 82.86045197 3.76212688 0.89277404 0.89277404 0.00000000 53.80517273 132.04441953 78.23924680 3.21618170 3.17022426 1.81285639 0.22891909 1.10923624 0.63727099 0.28946220 0.17289141 0.21979520 0.05240395 1.23040504 0.40611431 0.08378837 0.02989144 0.04830993 0.01279318 0.11087420 1.79684764
1070.00000000 53.50000000 73.01309523 155.82986319 82.81676796 3.75506503 1.09549145 1.09549145 0.00000000 53.83077461 132.12129349 78.29051888 3.10550318 2.96788617 1.81741373 0.22428279 1.08119736 0.61340107 0.26964802 0.17367072 0.21922095 0.05030277 1.16898774 0.37626088 0.07271005 0.03016152 0.04805783 0.01279318 0.11087420 1.79159370
1080.00000000 54.00000000 72.95818148 155.88477694 82.92659545 3.74743674 0.95705524 0.95705524 0.00000000 53.86776935 132.12526786 78.25749851 3.20059612 2.93660871 1.86959166 0.24963180 1.09328343 0.62955131 0.28683848 0.20969365 0.24573034 0.06231604 1.19526866 0.39633485 0.08227631 0.04397143 0.06038340 0.01279318 0.11727079 1.79334501
1090.00000000 54.50000000 72.94369567 155.89926275 82.95556708 3.74160499 1.09933192 1.09933192 0.00000000 53.85545956 132.09185441 78.23639485 3.22937960 2.82372900 1.83709681 0.26576140 1.09054257 0.62475043 0.31652520 0.22757997 0.25764076 0.07062912 1.18928310 0.39031310 0.10018820 0.05179264 0.06637876 0.01705757 0.12153518 1.78633975
1100.00000000 55.00000000 73.01233592 155.83062250 82.81828659 3.75152000 0.76012763 0.76012763 0.00000000 53.84554564 132.12172509 78.27617945 3.23982118 2.82370714 1.81824383 0.27301032 1.08371589 0.62888865 0.34253192 0.22993967 0.25970494 0.07453463 1.17444014 0.39550094 0.11732812 0.05287225 0.06744666 0.01705757 0.12579957 1.77758319
1110.00000000 55.50000000 73.02831956 155.81463886 82.78631930 3.73926593 0.89727194 0.89727194 0.00000000 53.84316036 132.08089822 78.23773787 3.23296911 2.78946352 1.80935713 0.33215919 1.18906379 0.64553034 0.38067549 0.28462506 0.32645074 0.11032973 1.41387269 0.41670942 0.14491383 0.08101142 0.10657008 0.01492537 0.11940299 1.78633975
1120.00000000 56.00000000 73.03165285 155.81130557 82.77965271 3.71927763 1.07381016 1.07381016 0.00000000 53.81298053 132.06064655 78.24766602 3.08326569 2.82605680 1.87180879 0.29642922 1.16814069 0.64597116 0.34883680 0.25756739 0.28810466 0.08787028 1.36455268 0.41727874 0.12168712 0.06634096 0.08300430 0.01918977 0.13006397 1.80035026
1130.00000000 56.50000000 73.14448910 155.69846932 82.55398023 3.71793595 0.95886176 0.95886176 0.00000000 53.80295977 132.03953258 78.23657281 3.22926335 2.77618380 1.83271112 0.23916790 1.20652448 0.62620551 0.30673294 0.17584407 0.22882386 0.05720129 1.45570132 0.39213335 0.09408510 0.03092114 0.05236036 0.01705757 0.12793177 1.79509632
1140.00000000 57.00000000 73.07225266 155.77070576 82.69845311 3.73880978 0.93560415 0.93560415 0.00000000 53.81703254 132.06744674 78.25041420 3.10643065 2.89647442 1.75693170 0.23618928 1.12981639 0.63902299 0.28543017 0.18805837 0.22971147 0.05578538 1.27648507 0.40835038 0.08147038 0.03536595 0.05276736 0.01705757 0.13006397 1.79159370
1150.00000000 57.50000000 72.98151725 155.86144117 82.87992392 3.72977617 1.00051478 1.00051478 0.00000000 53.85689708 132.09220215 78.23530507 3.11144685 2.92336478 1.88294073 0.21214684 1.14897107 0.62069434 0.27463913 0.17203384 0.19992406 0.04500628 1.32013452 0.38526147 0.07542665 0.02959564 0.03996963 0.01705757 0.12366738 1.80035026
1160.00000000 58.00000000 73.02753008 155.81542834 82.78789825 3.75734426 0.92496840 0.92496840 0.00000000 53.84786981 132.14727970 78.29940989 3.03153545 3.07109087 1.80164503 0.21833398 1.12301193 0.61734769 0.28068623 0.16044228 0.20867591 0.04766973 1.26115580 0.38111817 0.07878476 0.02574172 0.04354564 0.01705757 0.10874200 1.79159370
1170.00000000 58.50000000 72.93217175 155.91078667 82.97861492 3.77252635 0.89211301 0.89211301 0.00000000 53.84231771 132.11939479 78.27707708 2.97997764 2.87175450 1.69912810 0.21945665 1.12065291 0.59598826 0.27301639 0.16711458 0.21198906 0.04816122 1.25586295 0.35520200 0.07453795 0.02792728 0.04493936 0.01705757 0.12366738 1.80035026
1180.00000000 59.00000000 72.94139964 155.90155878 82.96015914 3.74302625 1.09973425 1.09973425 0.00000000 53.85524985 132.07433567 78.21908582 3.10629718 2.95908775 1.86625720 0.22764565 1.10298879 0.59859059 0.28553693 0.18138238 0.21805773 0.05182254 1.21658426 0.35831070 0.08153134 0.03289957 0.04754918 0.01705757 0.11087420 1.79859895
1190.00000000 59.50000000 73.04899839 155.79396003 82.74496164 3.76444913 1.07541155 1.07541155 0.00000000 53.81788933 132.05920241 78.24131308 3.03850494 2.87135704 1.80811214 0.21465820 1.12332818 0.61535263 0.26318582 0.15811131 0.20927050 0.04607814 1.26186620 0.37865886 0.06926678 0.02499918 0.04379414 0.01705757 0.11940299 1.79159370
1200.00000000 60.00000000 73.07819355 155.76476487 82.68657132 3.69965791 0.92510388 0.92510388 0.00000000 53.82188525 132.06709568 78.24521043 3.09372257 2.89595317 1.90937304 0.26739238 1.14381861 0.63987657 0.32080896 0.21217445 0.26087776 0.07149869 1.30832102 0.40944203 0.10291839 0.04501800 0.06805721 0.01705757 0.12579957 1.80560420
1210.00000000 60.50000000 72.97424192 155.86871650 82.89447459 3.74909466 0.85124164 0.85124164 0.00000000 53.83693508 132.10055703 78.26362195 3.12734309 2.89498302 1.78654843 0.29190658 1.08874773 0.64376237 0.35710095 0.24963974 0.28008294 0.08520945 1.18537162 0.41442999 0.12752109 0.06232000 0.07844645 0.01705757 0.13432836 1.79334501
1220.00000000 61.00000000 73.05368489 155.78927353 82.73558864 3.72048223 0.95828436 0.95828436 0.00000000 53.85820139 132.02557799 78.16737660 3.07837633 2.84529657 1.80320906 0.29088179 1.12812349 0.64400827 0.36422087 0.24410604 0.27707725 0.08461221 1.27266260 0.41474665 0.13265684 0.05958776 0.07677180 0.01705757 0.11727079 1.80035026
1230.00000000 61.50000000 72.96209479 155.88086363 82.91876884 3.76608269 1.16943389 1.16943389 0.00000000 53.85015157 132.14887705 78.29872549 2.96352977 2.98070023 1.79644596 0.29645059 1.11611075 0.64176506 0.34175555 0.25511701 0.29061003 0.08788295 1.24570320 0.41186240 0.11679686 0.06508469 0.08445419 0.01705757 0.11727079 1.78984238
1240.00000000 62.00000000 72.99535051 155.84760791 82.85225739 3.72943325 1.01384090 1.01384090 0.00000000 53.85558440 132.09577751 78.24019311 3.17730777 2.97168231 1.81660520 0.26732545 1.07387610 0.62819327 0.32564098 0.22726582 0.25713868 0.07146290 1.15320987 0.39462679 0.10604205 0.05164975 0.06612030 0.01705757 0.11513859 1.80035026
1250.00000000 62.50000000 73.00596460 155.83699382 82.83102923 3.75222707 1.10982179 1.10982179 0.00000000 53.82635387 132.06117727 78.23482341 2.94653575 2.90230336 1.79007907 0.24091408 1.07977888 0.65025875 0.30491802 0.19136514 0.22994689 0.05803959 1.16592243 0.42283644 0.09297500 0.03662062 0.05287557 0.01705757 0.11727079 1.79509632
1260.00000000 63.00000000 73.08557655 155.75738187 82.67180531 3.73366711 0.86265905 0.86265905 0.00000000 53.80136456 132.03527025 78.23390569 3.25458332 2.92382182 1.81732159 0.23720865 1.15458588 0.63920486 0.28368224 0.18546746 0.23207971 0.05626795 1.33306856 0.40858285 0.08047561 0.03439818 0.05386099 0.01705757 0.11940299 1.79334501
1270.00000000 63.50000000 73.00762643 155.83533199 82.82770555 3.73974589 1.00028416 1.00028416 0.00000000 53.81424006 132.06950363 78.25526357 3.07865219 2.85590984 1.91692902 0.24170530 1.17517482 0.62746356 0.30344079 0.18817407 0.23204109 0.05842145 1.38103586 0.39371052 0.09207631 0.03540948 0.05384307 0.01705757 0.12366738 1.78984238
1280.00000000 64.00000000 72.99420752 155.84875090 82.85454338 3.75830113 1.10256994 1.10256994 0.00000000 53.83115394 132.08051186 78.24935792 3.01958586 2.91799810 1.78007951 0.20968410 1.19487780 0.61241691 0.26448930 0.15419419 0.20207893 0.04396742 1.42773296 0.37505447 0.06995459 0.02377585 0.04083589 0.01705757 0.11727079 1.78809107
1290.00000000 64.50000000 73.05473985 155.78821857 82.73347872 3.72282490 0.99390983 0.99390983 0.00000000 53.84047779 132.03356744 78.19308965 3.16687770 2.88407161 1.83689731 0.20266749 1.18249978 0.61672399 0.25042294 0.15024710 0.19684524 0.04107411 1.39830572 0.38034848 0.06271165 0.02257419 0.03874805 0.01705757 0.12153518 1.80910683
1300.00000000 65.00000000 72.95865575 155.88430267 82.92564691 3.73616271 0.90388558 0.90388558 0.00000000 53.84831631 132.07127080 78.22295449 3.07785902 2.92375735 1.85242570 0.23685178 1.14761050 0.63113470 0.28155697 0.19305938 0.23117673 0.05609877 1.31700986 0.39833101 0.07927433 0.03727192 0.05344268 0.01705757 0.12366738 1.78984238
1310.00000000 65.50000000 72.78327877 156.05967965 83.27640088 3.79304310 1.28066564 1.28066564 0.00000000 53.87887119 132.06889698 78.19002579 3.12856444 2.96410424 1.74560964 0.25388614 1.25668920 0.64233085 0.29965114 0.19793598 0.24967633 0.06445817 1.57926775 0.41258892 0.08979081 0.03917865 0.06233827 0.01705757 0.12793177 1.78984238
1320.00000000 66.00000000 72.94683775 155.89612067 82.94928293 3.73427672 0.99166401 0.99166401 0.00000000 53.86120700 132.07941578 78.21820878 3.17136364 2.89289287 1.88839283 0.24575578 1.27516859 0.64569089 0.29521761 0.19588533 0.23953566 0.06039591 1.62605494 0.41691672 0.08715344 0.03837106 0.05737733 0.01705757 0.11940299 1.79159370
1330.00000000 66.50000000 72.91259737 155.93036105 83.01776367 3.74723893 1.12962992 1.12962992 0.00000000 53.85135182 132.07538657 78.22403475 3.12272275 2.86039314 1.85857769 0.25562267 1.30440511 0.64500216 0.30995415 0.20332447 0.24831661 0.06534295 1.70147270 0.41602779 0.09607158 0.04134084 0.06166114 0.01705757 0.12579957 1.79334501
1340.00000000 67.00000000 72.97981232 155.86314610 82.88333378 3.74846981 1.00213826 1.00213826 0.00000000 53.87146562 132.08858063 78.21711501 3.01522444 2.85125117 1.82548262 0.28028083 1.27717737 0.65826030 0.33807086 0.24035896 0.27034765 0.07855734 1.63118203 0.43330662 0.11429191 0.05777243 0.07308785 0.01705757 0.12579957 1.78984238
1350.00000000 67.50000000 72.86076265 155.98219577 83.12143312 3.75038027 1.14730991 1.14730991 0.00000000 53.86746434 132.08753408 78.22006974 3.08607878 3.03966512 1.71821979 0.24292729 1.19329624 0.65336089 0.29920647 0.19481337 0.23429937 0.05901367 1.42395592 0.42688045 0.08952451 0.03795225 0.05489620 0.01705757 0.12153518 1.78633975
1360.00000000 68.00000000 72.96514337 155.87781505 82.91267169 3.74052796 1.02481001 1.02481001 0.00000000 53.85726757 132.11003070 78.25276313 3.17464944 2.94664408 1.84037293 0.27070658 1.23139179 0.67818133 0.31290148 0.22169196 0.26673617 0.07328205 1.51632573 0.45992992 0.09790733 0.04914733 0.07114819 0.01705757 0.12153518 1.78984238
1370.00000000 68.50000000 73.01922655 155.82373187 82.80450533 3.75934353 1.03926748 1.03926748 0.00000000 53.86443713 132.16945266 78.30501554 2.98217136 2.83429369 1.71537550 0.23173362 1.28300362 0.64484396 0.28715912 0.18385318 0.22321943 0.05370047 1.64609829 0.41582373 0.08246036 0.03380199 0.04982691 0.01705757 0.12793177 1.78809107
1380.00000000 69.00000000 72.94266818 155.90029024 82.95762206 3.76160664 0.96101615 0.96101615 0.00000000 53.84465341 132.09354609 78.24889268 3.00677289 2.87824159 1.78878134 0.22708041 1.33337920 0.65500058 0.28161136 0.17439908 0.21944414 0.05156551 1.77790009 0.42902576 0.07930496 0.03041504 0.04815573 0.01705757 0.12579957 1.80210158
1390.00000000 69.50000000 72.99962619 155.84333223 82.84370604 3.76672549 0.99516993 0.99516993 0.00000000 53.85423234 132.09542080 78.24118846 3.09401147 2.87070925 1.74455373 0.28373415 1.35613885 0.67103383 0.32844463 0.24935304 0.27697843 0.08050507 1.83911259 0.45028639 0.10787587 0.06217694 0.07671705 0.01705757 0.12153518 1.77758319
1400.00000000 70.00000000 72.96065171 155.88230671 82.92165499 3.75244704 0.98748712 0.98748712 0.00000000 53.86377443 132.13594656 78.27217213 3.13339162 2.82489513 1.80124968 0.28010863 1.36726574 0.67299826 0.34132150 0.24126053 0.26893617 0.07846085 1.86941559 0.45292666 0.11650037 0.05820664 0.07232667 0.01705757 0.12579957 1.78633975
1410.00000000 70.50000000 72.93237856 155.91057986 82.97820129 3.75742904 0.96192089 0.96192089 0.00000000 53.86823779 132.10602761 78.23778982 3.17093623 2.95794775 1.83365684 0.25780670 1.41325674 0.65713231 0.31308850 0.21469255 0.24893674 0.06646429 1.99729461 0.43182287 0.09802441 0.04609289 0.06196950 0.01492537 0.11727079 1.81085814
1420.00000000 71.00000000 72.95032554 155.89263288 82.94230733 3.75834025 0.99812550 0.99812550 0.00000000 53.85835823 132.09903535 78.24067712 3.16911438 2.96424944 1.85127058 0.23940079 1.43764549 0.64004686 0.30372134 0.18380403 0.22913037 0.05731274 2.06682456 0.40965998 0.09224666 0.03378392 0.05250073 0.01705757 0.11087420 1.78984238
1430.00000000 71.50000000 73.00938509 155.83357333 82.82418824 3.74174564 1.02247608 1.02247608 0.00000000 53.82893509 132.04465449 78.21571940 3.03833403 2.96356785 1.77681776 0.21454265 1.43272699 0.63128783 0.26202480 0.14977690 0.21048518 0.04602855 2.05270662 0.39852432 0.06865699 0.02243312 0.04430401 0.01705757 0.11940299 1.79509632
1440.00000000 72.00000000 73.03439764 155.80856078 82.77416313 3.75055132 0.99579893 0.99579893 0.00000000 53.82327046 132.05338610 78.23011563 3.11877090 2.86249677 1.83467115 0.21738418 1.34941487 0.63981234 0.26186002 0.16301691 0.21301192 0.04725588 1.82092050 0.40935983 0.06857067 0.02657451 0.04537408 0.01705757 0.12579957 1.78984238
1450.00000000 72.50000000 73.04287037 155.80008805 82.75721768 3.74525844 1.06522829 1.06522829 0.00000000 53.83503383 132.03647182 78.20143799 3.09674262 3.01389398 1.75699474 0.19024096 1.42697534 0.64201700 0.25420865 0.11923742 0.18095957 0.03619162 2.03625861 0.41218582 0.06462204 0.01421756 0.03274637 0.01705757 0.13219616 1.79509632
1460.00000000 73.00000000 73.01945571 155.82350271 82.80404700 3.73107620 1.14509854 1.14509854 0.00000000 53.84148226 132.02734874 78.18586648 3.09429912 3.01939530 1.74639810 0.20220284 1.39441261 0.64584290 0.25970664 0.13622532 0.19485134 0.04088599 1.94438652 0.41711305 0.06744754 0.01855734 0.03796704 0.01705757 0.12579957 1.80210158
1470.00000000 73.50000000 72.99892116 155.84403726 82.84511610 3.74335824 0.83338838 0.83338838 0.00000000 53.83495895 132.12998771 78.29502876 2.95881782 2.86013031 1.88300297 0.19990619 1.38978034 0.63355206 0.24980957 0.15129855 0.19286551 0.03996248 1.93148939 0.40138821 0.06240482 0.02289125 0.03719711 0.01705757 0.11727079 1.78984238
1480.00000000 74.00000000 72.94272277 155.90023565 82.95751288 3.73758611 1.30972371 1.30972371 0.00000000 53.85067737 132.03890465 78.18822728 2.96701027 2.94350224 1.76568852 0.20796815 1.42955175 0.63516393 0.27801433 0.15184584 0.19520770 0.04325075 2.04361822 0.40343322 0.07729197 0.02305716 0.03810605 0.01918977 0.12793177 1.79334501
1490.00000000 74.50000000 72.96701801 155.87594041 82.90892239 3.77161372 0.90243580 0.90243580 0.00000000 53.85798513 132.12822753 78.27024240 3.02168625 2.74337356 1.87019146 0.24563605 1.44601422 0.63577069 0.30334699 0.20107126 0.23608132 0.06033707 2.09095712 0.40420436 0.09201939 0.04042965 0.05573439 0.01705757 0.13432836 1.80035026
1500.00000000 75.00000000 72.89886911 155.94408931 83.04522020 3.75397999 1.06523119 1.06523119 0.00000000 53.85859055 132.07548865 78.21689810 3.11205075 2.85013844 1.81121650 0.23883891 1.37827817 0.64014259 0.30126174 0.19257576 0.22790744 0.05704402 1.89965070 0.40978253 0.09075864 0.03708542 0.05194180 0.01705757 0.13006397 1.79159370
1510.00000000 75.50000000 73.01809278 155.82486564 82.80677285 3.73546975 1.06530183 1.06530183 0.00000000 53.81565284 132.08181354 78.26616070 3.10927534 2.85894936 1.76228854 0.23425770 1.44715811 0.67242534 0.27861215 0.18211370 0.22980034 0.05487667 2.09426661 0.45215584 0.07762473 0.03316540 0.05280820 0.01705757 0.12366738 1.79859895
1520.00000000 76.00000000 72.97295518 155.87000324 82.89704806 3.76551539 0.83795524 0.83795524 0.00000000 53.83054225 132.08928002 78.25873777 3.06375658 3.01237178 1.84584051 0.24273715 1.42828505 0.66035323 0.29689643 0.19308569 0.23499217 0.05892132 2.03999817 0.43606639 0.08814749 0.03728208 0.05522132 0.01705757 0.12153518 1.79334501
1530.00000000 76.50000000 72.99550739 155.84745103 82.85194365 3.73302900 1.07399393 1.07399393 0.00000000 53.80626584 132.07427083 78.26800499 2.99851057 2.91632594 1.84551351 0.21994155 1.40952101 0.66183112 0.27050573 0.17092648 0.21299669 0.04837428 1.98674948 0.43802043 0.07317335 0.02921586 0.04536759 0.01705757 0.12579957 1.79684764
1540.00000000 77.00000000 73.06255179 155.78040663 82.71785484 3.75384116 0.84603889 0.84603889 0.00000000 53.81748538 132.05819459 78.24070921 3.04382469 2.93674169 1.85036940 0.21963610 1.49228649 0.66388906 0.27165910 0.16969723 0.21234601 0.04824001 2.22691898 0.44074868 0.07379866 0.02879715 0.04509083 0.01705757 0.12366738 1.79159370
1550.00000000 77.50000000 73.02317754 155.81978088 82.79660335 3.75090524 1.07942116 1.07942116 0.00000000 53.82774049 132.03117586 78.20343537 2.95861323 2.93502514 1.82652059 0.24895341 1.50525179 0.66704627 0.30154123 0.19843919 0.24188239 0.06197780 2.26578296 0.44495072 0.09092712 0.03937811 0.05850709 0.01705757 0.12793177 1.79334501
1560.00000000 78.00000000 73.08274834 155.76021008 82.67746175 3.75031914 0.94857369 0.94857369 0.00000000 53.81346480 132.05934583 78.24588103 3.04550554 2.77798801 1.90978767 0.26880252 1.43230016 0.66701840 0.31628604 0.21756635 0.26355751 0.07225480 2.05148376 0.44491355 0.10003686 0.04733512 0.06946256 0.01705757 0.11940299 1.79334501
1570.00000000 78.50000000 73.02383668 155.81912174 82.79528505 3.77365057 1.03888599 1.03888599 0.00000000 53.81198570 132.05844880 78.24646311 3.04317836 2.90753532 1.81150792 0.35493440 1.41549414 0.68406366 0.39245755 0.31881916 0.35074601 0.12597843 2.00362367 0.46794309 0.15402293 0.10164566 0.12302277 0.01918977 0.12366738 1.79334501
1580.00000000 79.00000000 73.01382986 155.82912856 82.81529870 3.77062653 1.10857087 1.10857087 0.00000000 53.82255071 132.06778559 78.24523488 3.14358441 2.89989750 1.72064424 0.34717955 1.44155007 0.67504392 0.38802163 0.31683034 0.34115326 0.12053364 2.07806661 0.45568430 0.15056078 0.10038147 0.11638555 0.01705757 0.11727079 1.79334501
1590.00000000 79.50000000 72.95984354 155.88311488 82.92327133 3.75546433 1.26309942 1.26309942 0.00000000 53.84637850 132.09096237 78.24458387 3.03058472 2.91456685 1.76061360 0.32665986 1.45272279 0.67111252 0.37441113 0.28858523 0.31975243 0.10670666 2.11040351 0.45039202 0.14018369 0.08328143 0.10224161 0.01705757 0.13219616 1.78633975
1600.00000000 80.00000000 72.98051618 155.86244224 82.88192606 3.75143646 0.80100973 0.80100973 0.00000000 53.84919817 132.12161199 78.27241382 3.16187607 2.89570821 1.89672765 0.32295867 1.53479181 0.66615659 0.37619666 0.29392251 0.31302110 0.10430231 2.35558591 0.44376460 0.14152393 0.08639044 0.09798221 0.01705757 0.11727079 1.80035026
1610.00000000 80.50000000 72.94329307 155.89966535 82.95637227 3.76388704 1.07212668 1.07212668 0.00000000 53.86685003 132.11683584 78.24998581 3.10822032 2.85245117 1.83449514 0.38425567 1.48695761 0.70122918 0.43444941 0.35552320 0.37539521 0.14765242 2.21104293 0.49172236 0.18874629 0.12639675 0.14092156 0.01705757 0.11727079 1.78809107
1620.00000000 81.00000000 73.03604956 155.80690886 82.77085930 3.73297819 0.87411338 0.87411338 0.00000000 53.84027327 132.08156328 78.24129001 3.09972854 2.86799712 1.90432810 0.41282598 1.47579906 0.70893010 0.46059098 0.38207323 0.40505534 0.17042529 2.17798286 0.50258189 0.21214405 0.14597995 0.16406983 0.01918977 0.11727079 1.79159370
1630.00000000 81.50000000 73.02316660 155.81979182 82.79662523 3.74171593 1.01429318 1.01429318 0.00000000 53.82947478 132.05970308 78.23022830 3.04870778 2.90895933 1.85232842 0.34590405 1.40787284 0.66551469 0.38656502 0.31221071 0.34044026 0.11964962 1.98210595 0.44290980 0.14943251 0.09747552 0.11589957 0.01705757 0.12366738 1.78108581
1640.00000000 82.00000000 73.02748261 155.81547581 82.78799319 3.74064016 1.04280294 1.04280294 0.00000000 53.85737750 132.08204419 78.22466669 3.07161194 2.90965506 1.77803723 0.26583484 1.46061213 0.64224620 0.32064837 0.21189270 0.25870117 0.07066816 2.13338778 0.41248018 0.10281538 0.04489852 0.06692630 0.01705757 0.12153518 1.78458844
1650.00000000 82.50000000 73.00284806 155.84011036 82.83726229 3.76471585 1.00606568 1.00606568 0.00000000 53.83790390 132.11099515 78.27309125 3.10656376 2.99416128 1.78925940 0.25846557 1.37464631 0.62966326 0.31192309 0.21402236 0.25036248 0.06680445 1.88965248 0.39647582 0.09729601 0.04580557 0.06268137 0.01705757 0.11940299 1.78633975
1660.00000000 83.00000000 73.03157129 155.81138713 82.77981583 3.74389615 1.11489413 1.11489413 0.00000000 53.85014796 132.10485907 78.25471111 3.06594049 2.97880296 1.77078828 0.26034613 1.41669777 0.63983083 0.32342308 0.21732163 0.24899749 0.06778011 2.00703258 0.40938348 0.10460249 0.04722869 0.06199975 0.01705757 0.13006397 1.79159370
1670.00000000 83.50000000 72.96859069 155.87436773 82.90577705 3.72802716 1.06306027 1.06306027 0.00000000 53.86736097 132.08670738 78.21934641 3.08514353 2.98910883 1.89789750 0.27389177 1.45905317 0.62771683 0.32534016 0.22676092 0.26691201 0.07501670 2.12883617 0.39402842 0.10584622 0.05142051 0.07124202 0.01492537 0.11300640 1.80385289
1680.00000000 84.00000000 73.04272653 155.80023189 82.75750536 3.74121301 0.77985312 0.77985312 0.00000000 53.86191580 132.09262666 78.23071086 3.10953375 2.77797159 1.86534833 0.26904347 1.45033470 0.61254764 0.32223422 0.23098564 0.26017961 0.07238439 2.10347075 0.37521461 0.10383489 0.05335437 0.06769343 0.01705757 0.11727079 1.80385289
1690.00000000 84.50000000 72.91412063 155.92883779 83.01471716 3.73884136 1.07428535 1.07428535 0.00000000 53.88286812 132.10181424 78.21894611 3.17432231 2.99218034 1.84003594 0.29442039 1.48665066 0.63244012 0.34338437 0.26413922 0.28582333 0.08668337 2.21013017 0.39998051 0.11791282 0.06976953 0.08169498 0.01705757 0.12366738 1.79159370
1700.00000000 85.00000000 72.92657401 155.91638441 82.98981039 3.77762968 1.17886874 1.17886874 0.00000000 53.83733078 132.09595823 78.25862745 2.94045777 2.84108163 1.87382744 0.31066118 1.44012975 0.63365692 0.35809827 0.27462468 0.30347099 0.09651037 2.07397371 0.40152109 0.12823437 0.07541872 0.09209464 0.01705757 0.11513859 1.80035026
1710.00000000 85.50000000 72.97444796 155.86851046 82.89406250 3.76023420 1.06620407 1.06620407 0.00000000 53.84669833 132.08618962 78.23949129 3.04203019 3.02960416 1.70913900 0.30573976 1.49145118 0.63029320 0.34113543 0.27214613 0.30164250 0.09347680 2.22442662 0.39726952 0.11637338 0.07406352 0.09098820 0.01705757 0.12579957 1.81436077
1720.00000000 86.00000000 72.97280421 155.87015421 82.89735000 3.78192883 0.94732581 0.94732581 0.00000000 53.87938512 132.13513802 78.25575291 3.11555773 3.01671068 1.85389300 0.30134467 1.46644072 0.62230412 0.33890185 0.26164039 0.29752753 0.09080861 2.15044838 0.38726242 0.11485447 0.06845569 0.08852263 0.01705757 0.13006397 1.77057793
1730.00000000 86.50000000 72.91236377 155.93059465 83.01823088 3.77529717 0.98466384 0.98466384 0.00000000 53.87898700 132.10533896 78.22635197 3.20864049 2.96364949 1.76580115 0.30510072 1.48758799 0.62435814 0.35551050 0.27106190 0.29669813 0.09308645 2.21291802 0.38982309 0.12638771 0.07347456 0.08802978 0.01705757 0.11727079 1.78108581
1740.00000000 87.00000000 72.98342507 155.85953335 82.87610828 3.73061068 1.09557919 1.09557919 0.00000000 53.84875726 132.07572244 78.22696518 3.01141201 2.94424996 1.75565097 0.30787709 1.55676200 0.62458361 0.35214649 0.27448510 0.30120530 0.09478830 2.42350793 0.39010469 0.12400715 0.07534207 0.09072463 0.01705757 0.12579957 1.79684764
1750.00000000 87.50000000 73.01601451 155.82694391 82.81092939 3.74683816 1.00033598 1.00033598 0.00000000 53.82577110 132.09875460 78.27298350 3.02737328 2.91375608 1.76517094 0.29109396 1.51052218 0.62202985 0.33091298 0.26826138 0.28402879 0.08473569 2.28167725 0.38692114 0.10950340 0.07196417 0.08067235 0.01918977 0.11940299 1.79684764
1760.00000000 88.00000000 73.04342239 155.79953603 82.75611364 3.75423434 1.06081181 1.06081181 0.00000000 53.83205645 132.04994870 78.21789225 2.96969263 2.95233469 1.76743907 0.30712080 1.50893935 0.62439722 0.35649898 0.27103344 0.29934670 0.09432319 2.27689797 0.38987188 0.12709152 0.07345913 0.08960845 0.01918977 0.12153518 1.78283713
1770.00000000 88.50000000 73.05227583 155.79068259 82.73840676 3.71901650 0.99464411 0.99464411 0.00000000 53.82285734 132.04049791 78.21764057 2.94759756 3.03610812 1.78640801 0.26092069 1.50060631 0.63982571 0.31183050 0.21064031 0.25444382 0.06807961 2.25181929 0.40937694 0.09723826 0.04436934 0.06474166 0.01705757 0.12366738 1.77933450
1780.00000000 89.00000000 73.03688448 155.80607394 82.76918947 3.73504348 0.86532668 0.86532668 0.00000000 53.82633396 132.06789890 78.24156494 3.04121370 2.84807198 1.85028268 0.22906961 1.49742760 0.63923596 0.27084347 0.18477635 0.22429257 0.05247289 2.24228942 0.40862261 0.07335619 0.03414230 0.05030716 0.01705757 0.12366738 1.78633975
1790.00000000 89.50000000 73.13412205 155.70883637 82.57471433 3.71183552 0.83472146 0.83472146 0.00000000 53.80035670 132.06486495 78.26450825 3.23960734 2.82614887 1.83374003 0.25313888 1.46387543 0.64246830 0.30690069 0.21562566 0.24389121 0.06407929 2.14293128 0.41276552 0.09418803 0.04649443 0.05948292 0.01705757 0.11727079 1.79509632
1800.00000000 90.00000000 73.04977647 155.79318195 82.74340548 3.73873203 0.90691233 0.90691233 0.00000000 53.82197783 132.07872463 78.25674680 3.25001711 2.73546639 1.73975964 0.27530177 1.52798921 0.66610219 0.31284652 0.23853664 0.27095968 0.07579106 2.33475104 0.44369212 0.09787294 0.05689973 0.07341915 0.01705757 0.13006397 1.78458844
1810.00000000 90.50000000 72.95847245 155.88448597 82.92601353 3.73905809 1.05338316 1.05338316 0.00000000 53.87060947 132.06444718 78.19383771 3.07386134 2.86937454 1.79710815 0.24717393 1.50162229 0.62697799 0.29995188 0.21039083 0.23807774 0.06109495 2.25486951 0.39310141 0.08997113 0.04426430 0.05668101 0.01705757 0.13646055 1.79509632
1820.00000000 91.00000000 72.82173437 156.02122405 83.19948967 3.76361301 1.38109824 1.38109824 0.00000000 53.86372054 132.12103912 78.25731858 3.07775195 2.90789016 1.83239334 0.28266773 1.51022715 0.64345460 0.33526138 0.23679396 0.27522331 0.07990105 2.28078603 0.41403382 0.11240019 0.05607138 0.07574787 0.01705757 0.13432836 1.78984238
1830.00000000 91.50000000 72.95888237 155.88407605 82.92519367 3.75053764 1.15781943 1.15781943 0.00000000 53.83687849 132.02749956 78.19062107 3.04950926 2.93667423 1.82029983 0.21536939 1.53504832 0.64271693 0.26983928 0.17036066 0.20656765 0.04638397 2.35637333 0.41308505 0.07281324 0.02902276 0.04267020 0.01705757 0.14072495 1.80210158
1840.00000000 92.00000000 72.98761031 155.85534811 82.86773780 3.73287734 1.19957778 1.19957778 0.00000000 53.83559113 132.06688972 78.23129859 3.12419962 2.94410425 1.85062675 0.24219086 1.52381038 0.64646863 0.28824152 0.19196612 0.23703155 0.05865641 2.32199808 0.41792169 0.08308318 0.03685099 0.05618396 0.01705757 0.13646055 1.79684764
1850.00000000 92.50000000 73.03017361 155.81278481 82.78261119 3.72916140 1.01462927 1.01462927 0.00000000 53.86279855 132.06694131 78.20414276 3.09570952 2.92116186 1.79630382 0.26259956 1.54395748 0.65920195 0.30322251 0.21924210 0.25825200 0.06895853 2.38380471 0.43454721 0.09194389 0.04806710 0.06669410 0.01705757 0.12153518 1.78984238
1860.00000000 93.00000000 73.05549949 155.78745893 82.73195943 3.74032727 1.03122409 1.03122409 0.00000000 53.82923854 132.03828304 78.20904449 3.18289251 2.93749901 1.84719490 0.24553461 1.54990239 0.66318319 0.29515042 0.19773352 0.23898130 0.06028724 2.40219742 0.43981194 0.08711377 0.03909854 0.05711206 0.01705757 0.11727079 1.78809107
1870.00000000 93.50000000 73.07066514 155.77229328 82.70162814 3.77469235 0.99329611 0.99329611 0.00000000 53.81052570 132.06832216 78.25779647 3.08581896 2.90380339 1.76576845 0.20187965 1.68765211 0.64547887 0.26775250 0.13972672 0.19120678 0.04075539 2.84816963 0.41664297 0.07169140 0.01952356 0.03656003 0.01705757 0.11727079 1.79334501
1880.00000000 94.00000000 73.08594612 155.75701230 82.67106619 3.73776942 1.04049981 1.04049981 0.00000000 53.81642153 132.11479192 78.29837039 3.18606473 2.92782799 1.79917932 0.19178765 1.60905527 0.63948938 0.25037940 0.13455441 0.18280756 0.03678250 2.58905885 0.40894667 0.06268984 0.01810489 0.03341860 0.01492537 0.12153518 1.79334501
1890.00000000 94.50000000 73.01607084 155.82688758 82.81081675 3.75393463 1.34380139 1.34380139 0.00000000 53.82239744 132.09167100 78.26927356 3.06997067 2.98993554 1.79799432 0.19100082 1.65012028 0.63862230 0.24451801 0.11544756 0.18577740 0.03648131 2.72289693 0.40783844 0.05978906 0.01332814 0.03451324 0.01705757 0.11300640 1.78984238
1900.00000000 95.00000000 72.98151705 155.86144137 82.87992431 3.79043899 1.01986926 1.01986926 0.00000000 53.83553347 132.08783144 78.25229797 3.15523487 2.98273190 1.87118795 0.22959602 1.67356653 0.66043234 0.28640985 0.17386869 0.22165875 0.05271433 2.80082493 0.43617088 0.08203060 0.03023032 0.04913260 0.01705757 0.11727079 1.79509632
1910.00000000 95.50000000 72.99531140 155.84764702 82.85233561 3.73779822 0.75740459 0.75740459 0.00000000 53.88950965 132.14518139 78.25567174 2.94432375 2.90166957 1.89625627 0.25162074 1.70787501 0.65995171 0.31118615 0.21267256 0.24071963 0.06331300 2.91683706 0.43553626 0.09683682 0.04522962 0.05794594 0.01705757 0.12579957 1.78283713
1920.00000000 96.00000000 72.88513015 155.95782827 83.07269811 3.76492393 1.09903461 1.09903461 0.00000000 53.89396517 132.11910647 78.22514130 3.12859168 2.83018300 1.75332510 0.25556964 1.71182059 0.62773293 0.30211135 0.21573017 0.24891037 0.06531584 2.93032972 0.39404863 0.09127127 0.04653950 0.06195637 0.01492537 0.11727079 1.78108581
1930.00000000 96.50000000 72.93355728 155.90940114 82.97584386 3.73290661 0.82046195 0.82046195 0.00000000 53.88543843 132.16064127 78.27520285 2.98103311 2.98020644 1.88767327 0.26863019 1.66167311 0.60830768 0.30694732 0.23627710 0.26338396 0.07216218 2.76115754 0.37003823 0.09421666 0.05582687 0.06937111 0.01705757 0.12153518 1.78984238
1940.00000000 97.00000000 72.99004965 155.85290877 82.86285911 3.73222653 0.91907195 0.91907195 0.00000000 53.86740762 132.08872461 78.22131699 3.13285978 2.85789645 1.85234388 0.30809431 1.67332472 0.64844318 0.35295056 0.28209358 0.30011108 0.09492211 2.80001563 0.42047856 0.12457410 0.07957679 0.09006666 0.01705757 0.12579957 1.78108581
1950.00000000 97.50000000 72.95909659 155.88386183 82.92476525 3.75446230 1.02141441 1.02141441 0.00000000 53.83234289 132.12498196 78.29263907 3.12551336 2.85768111 1.88508059 0.32909751 1.70457782 0.64555340 0.37090504 0.30362206 0.32198649 0.10830517 2.90558554 0.41673920 0.13757055 0.09218635 0.10367530 0.01279318 0.11727079 1.78633975
1960.00000000 98.00000000 73.05807708 155.78488134 82.72680426 3.71608266 0.85888821 0.85888821 0.00000000 53.84240049 132.05579345 78.21339296 3.10672357 2.81342127 1.89751967 0.34815932 1.61735705 0.64188379 0.39083915 0.32727156 0.34011939 0.12121491 2.61584382 0.41201480 0.15275524 0.10710667 0.11568120 0.01705757 0.13006397 1.78984238
1970.00000000 98.50000000 73.03604834 155.80691008 82.77086174 3.73857865 0.82915533 0.82915533 0.00000000 53.84391759 132.13008888 78.28617129 3.12474015 2.73656082 1.80842261 0.33499241 1.67021830 0.66854758 0.36219079 0.31354531 0.33135714 0.11221991 2.78962918 0.44695586 0.13118217 0.09831066 0.10979756 0.01705757 0.11940299 1.78633975
1980.00000000 99.00000000 73.02589281 155.81706561 82.79117279 3.75432194 0.90540341 0.90540341 0.00000000 53.86233460 132.08152895 78.21919435 3.14486846 2.87883813 1.77571503 0.30990081 1.73564636 0.65519082 0.35690187 0.27638558 0.30245383 0.09603851 3.01246830 0.42927501 0.12737895 0.07638899 0.09147832 0.01705757 0.13432836 1.79684764
1990.00000000 99.50000000 72.99007037 155.85288805 82.86281768 3.74810476 0.76997915 0.76997915 0.00000000 53.87132388 132.10611993 78.23479604 3.07040230 2.88357474 1.82943145 0.27199017 1.73643242 0.65619113 0.32459222 0.23752823 0.26279228 0.07397865 3.01519755 0.43058680 0.10536011 0.05641966 0.06905978 0.01705757 0.12579957 1.76882662
2000.00000000 100.00000000 73.01220576 155.83075266 82.81854690 3.76201898 0.91374698 0.91374698 0.00000000 53.85437396 132.07957054 78.22519658 3.12104770 2.88055599 1.76642994 0.25311066 1.69405834 0.65783693 0.29370805 0.22247724 0.24686696 0.06406500 2.86983365 0.43274942 0.08626442 0.04949612 0.06094330 0.01705757 0.12366738 1.78984238
2010.00000000 100.50000000 72.97783881 155.86511961 82.88728081 3.73952421 1.14380787 1.14380787 0.00000000 53.84374002 132.05840879 78.21466877 3.12321151 2.89553915 1.86394876 0.23943491 1.76132303 0.66122410 0.29152090 0.19974129 0.23091265 0.05732908 3.10225881 0.43721731 0.08498443 0.03989658 0.05332065 0.01492537 0.12793177 1.78458844
2020.00000000 101.00000000 73.02855327 155.81440515 82.78585188 3.74627596 1.04934276 1.04934276 0.00000000 53.84463960 132.07374470 78.22910510 3.19535923 3.12013375 1.76371258 0.22502895 1.77585931 0.66582154 0.26675008 0.18459555 0.21970220 0.05063803 3.15367630 0.44331833 0.07115561 0.03407552 0.04826905 0.01705757 0.12366738 1.78283713
2030.00000000 101.50000000 73.06171627 155.78124215 82.71952589 3.72438093 1.04424106 1.04424106 0.00000000 53.84042586 132.05700672 78.21658087 3.12140925 2.80541399 1.78638484 0.22122471 1.74534197 0.66651300 0.26692615 0.18179871 0.21450254 0.04894037 3.04621860 0.44423958 0.07124957 0.03305077 0.04601134 0.01705757 0.12793177 1.79334501
2040.00000000 102.00000000 72.97780106 155.86515736 82.88735630 3.78514589 0.85909206 0.85909206 0.00000000 53.84519059 132.12113647 78.27594588 3.17115432 2.81360937 1.77597664 0.23275736 1.73653999 0.68203408 0.28565507 0.19118839 0.22418173 0.05417599 3.01557113 0.46517049 0.08159882 0.03655300 0.05025745 0.01705757 0.12153518 1.78984238
2050.00000000 102.50000000 73.00732611 155.83563231 82.82830620 3.73286271 0.98886005 0.98886005 0.00000000 53.83683111 132.05925606 78.22242495 3.02390364 2.98313340 1.84555819 0.25006942 1.73065109 0.67841686 0.29716403 0.20495810 0.24395272 0.06253472 2.99515320 0.46024944 0.08830646 0.04200782 0.05951293 0.01705757 0.12153518 1.78458844
2060.00000000 103.00000000 72.94007991 155.90287851 82.96279859 3.74116578 1.18713167 1.18713167 0.00000000 53.85954997 132.07476913 78.21521916 3.11030355 2.74927194 1.80231226 0.26742836 1.74899222 0.69468974 0.31296583 0.23325543 0.26031163 0.07151793 3.05897378 0.48259383 0.09794761 0.05440809 0.06776214 0.01705757 0.12579957 1.79159370
2070.00000000 103.50000000 73.01688505 155.82607337 82.80918833 3.75658422 0.80817956 0.80817956 0.00000000 53.84995443 132.11458306 78.26462863 3.06610271 3.07501890 1.75051105 0.26845082 1.78227537 0.68231179 0.32109468 0.23546746 0.25899230 0.07206584 3.17650550 0.46554937 0.10310179 0.05544493 0.06707701 0.01705757 0.12579957 1.78809107
2080.00000000 104.00000000 73.02223511 155.82072331 82.79848821 3.75448984 0.93794863 0.93794863 0.00000000 53.85909753 132.08277663 78.22367909 3.04287682 2.80540870 1.83355666 0.28417091 1.79152272 0.68234593 0.34199130 0.25055093 0.27330952 0.08075311 3.20955365 0.46559597 0.11695805 0.06277577 0.07469810 0.01705757 0.12153518 1.80210158
2090.00000000 104.50000000 72.96295405 155.88000437 82.91705032 3.71882794 1.04674346 1.04674346 0.00000000 53.87575857 132.09523445 78.21947588 3.14959615 2.86532618 1.79960795 0.25540286 1.81331496 0.67225402 0.30334983 0.22444010 0.24700042 0.06523062 3.28811116 0.45192547 0.09202112 0.05037336 0.06100921 0.01705757 0.12153518 1.80035026
2100.00000000 105.00000000 72.89235828 155.95060014 83.05824186 3.75905233 0.88855141 0.88855141 0.00000000 53.88861403 132.14020539 78.25159136 2.96311527 2.87893467 1.86415403 0.29100492 1.78502010 0.68170562 0.32871666 0.27088355 0.28412232 0.08468386 3.18629676 0.46472255 0.10805464 0.07337790 0.08072549 0.01918977 0.11727079 1.77933450
2110.00000000 105.50000000 72.99368688 155.84927154 82.85558467 3.73115166 1.11306752 1.11306752 0.00000000 53.86530070 132.12590971 78.26060901 2.97924616 2.99489819 1.80696666 0.25153152 1.82931573 0.64814539 0.29927143 0.21752475 0.24362430 0.06326810 3.34639604 0.42009245 0.08956339 0.04731701 0.05935280 0.01492537 0.11940299 1.79859895
2120.00000000 106.00000000 73.11762764 155.72533078 82.60770314 3.71727959 0.93934705 0.93934705 0.00000000 53.83360201 132.05602038 78.22241838 3.13459145 2.83705965 1.78920542 0.24002163 1.83172175 0.66264905 0.30087481 0.19315647 0.22970647 0.05761038 3.35520457 0.43910377 0.09052565 0.03730942 0.05276506 0.01918977 0.12366738 1.77933450
2130.00000000 106.50000000 73.01853491 155.82442351 82.80588859 3.73980732 1.05040482 1.05040482 0.00000000 53.82258317 132.04774094 78.22515777 3.12012456 2.71424145 1.81500929 0.22599817 1.76839894 0.66797484 0.27014041 0.18479621 0.22004755 0.05107517 3.12723482 0.44619038 0.07297584 0.03414964 0.04842093 0.01705757 0.12579957 1.77057793
2140.00000000 107.00000000 73.03133301 155.81162541 82.78029239 3.78306517 0.87074272 0.87074272 0.00000000 53.84374809 132.10309032 78.25934223 3.13193925 2.88662000 1.87392963 0.25555680 1.73384993 0.67362900 0.31785887 0.22291183 0.24286066 0.06530928 3.00623557 0.45377603 0.10103426 0.04968969 0.05898130 0.01705757 0.12366738 1.77933450
2150.00000000 107.50000000 72.94749471 155.89546371 82.94796900 3.73609379 1.24606236 1.24606236 0.00000000 53.84122261 132.07712882 78.23590621 3.04146320 3.02900130 1.86116150 0.27484292 1.74991052 0.68108613 0.31956068 0.22939982 0.26965272 0.07553863 3.06218684 0.46387832 0.10211903 0.05262428 0.07271259 0.01705757 0.13006397 1.78283713
2160.00000000 108.00000000 72.90930062 155.93365780 83.02435718 3.77165297 1.00539292 1.00539292 0.00000000 53.85923875 132.07613500 78.21689626 3.03848139 2.86730373 1.83752770 0.28505919 1.74990222 0.67090480 0.32332132 0.25760282 0.27914604 0.08125874 3.06215778 0.45011325 0.10453668 0.06635921 0.07792251 0.01918977 0.11513859 1.79159370
2170.00000000 108.50000000 73.01120332 155.83175510 82.82055178 3.75622212 0.81541883 0.81541883 0.00000000 53.87263509 132.07014486 78.19750977 3.07666315 2.81092836 1.88028031 0.26324685 1.75774987 0.67976842 0.31393721 0.23265809 0.25399345 0.06929890 3.08968460 0.46208510 0.09855657 0.05412979 0.06451267 0.01705757 0.12366738 1.78633975
2180.00000000 109.00000000 72.98433853 155.85861989 82.87428137 3.74673480 0.73203457 0.73203457 0.00000000 53.87648222 132.14540679 78.26892456 3.03107990 2.97387812 1.83256716 0.25329390 1.75238432 0.66200762 0.30826877 0.21636109 0.24357913 0.06415780 3.07085079 0.43825409 0.09502963 0.04681212 0.05933079 0.01705757 0.12366738 1.78809107
2190.00000000 109.50000000 72.91557419 155.92738423 83.01181003 3.74710220 1.00870212 1.00870212 0.00000000 53.88097905 132.12436982 78.24339077 3.08306092 2.84473607 1.76832215 0.28971914 1.79686873 0.67959801 0.34987705 0.26445671 0.27685970 0.08393718 3.22873723 0.46185345 0.12241395 0.06993735 0.07665129 0.01705757 0.11940299 1.78809107
2200.00000000 110.00000000 72.94487090 155.89808752 82.95321662 3.72734964 1.08782127 1.08782127 0.00000000 53.85997816 132.05864342 78.19866526 3.04049173 2.82362554 1.90566566 0.30279550 1.76551331 0.69076175 0.34690887 0.27305010 0.29559219 0.09168511 3.11703726 0.47715180 0.12034576 0.07455636 0.08737474 0.01705757 0.12153518 1.79334501
2210.00000000 110.50000000 72.98893871 155.85401971 82.86508101 3.79612451 0.81437053 0.81437053 0.00000000 53.86174329 132.16538476 78.30364148 3.14477549 2.83149920 1.81971019 0.33969849 1.77713399 0.68842532 0.37659744 0.30996813 0.33467381 0.11539506 3.15820521 0.47392943 0.14182563 0.09608024 0.11200656 0.01705757 0.10874200 1.78633975
2220.00000000 111.00000000 73.00914292 155.83381550 82.82467259 3.74830905 0.93050669 0.93050669 0.00000000 53.85625070 132.06963473 78.21338403 3.04733106 2.81267017 1.76544880 0.36241525 1.76805892 0.70500939 0.39794061 0.33281270 0.35780151 0.13134481 3.12603235 0.49703825 0.15835673 0.11076430 0.12802192 0.01705757 0.12793177 1.79159370
2230.00000000 111.50000000 72.94512989 155.89782853 82.95269864 3.76091245 1.11366790 1.11366790 0.00000000 53.85773229 132.12939660 78.27166431 3.16230206 2.98256821 1.81865937 0.33980186 1.74805054 0.69273050 0.39022556 0.30698627 0.33136097 0.11546531 3.05568068 0.47987555 0.15227599 0.09424057 0.10980009 0.01705757 0.12153518 1.78633975
2240.00000000 112.00000000 73.05447909 155.78847933 82.73400024 3.72400516 1.01975843 1.01975843 0.00000000 53.86578165 132.10814868 78.24236704 3.15996881 2.90361257 1.73834670 0.32402425 1.72537835 0.67022583 0.37176948 0.29420416 0.31584665 0.10499171 2.97693044 0.44920266 0.13821255 0.08655609 0.09975911 0.01705757 0.12366738 1.78633975
2250.00000000 112.50000000 72.94625989 155.89669853 82.95043863 3.75832528 0.95048980 0.95048980 0.00000000 53.84414077 132.07590809 78.23176732 3.27977328 2.99808016 1.89786298 0.30029582 1.80371913 0.66862302 0.33637343 0.26972395 0.29553280 0.09017758 3.25340270 0.44705674 0.11314708 0.07275101 0.08733964 0.01705757 0.12366738 1.77933450
2260.00000000 113.00000000 73.02414777 155.81881065 82.79466288 3.73580165 0.87690855 0.87690855 0.00000000 53.82492698 132.06392587 78.23899889 3.22655471 2.91538685 1.92823102 0.30404966 1.86260776 0.67208365 0.35933024 0.27209591 0.29384779 0.09244620 3.46930765 0.45169643 0.12911822 0.07403619 0.08634652 0.01705757 0.13006397 1.79859895
2270.00000000 113.50000000 73.01361210 155.82934632 82.81573422 3.75389073 0.79937644 0.79937644 0.00000000 53.83520619 132.03291821 78.19771202 3.07454236 2.93895058 1.81650200 0.27091890 1.88515454 0.66026930 0.30680201 0.23697743 0.26662253 0.07339705 3.55380762 0.43595554 0.09412747 0.05615830 0.07108757 0.01705757 0.12366738 1.79509632
2280.00000000 114.00000000 73.03172568 155.81123274 82.77950705 3.74655656 0.86675763 0.86675763 0.00000000 53.83073335 132.06161403 78.23088068 3.04943282 2.90111309 1.72304104 0.28532563 1.89640949 0.70169523 0.34118287 0.24672878 0.27583430 0.08141072 3.59636895 0.49237619 0.11640575 0.06087509 0.07608456 0.01705757 0.13859275 1.78809107
2290.00000000 114.50000000 73.02779151 155.81516691 82.78737541 3.72931655 0.92211792 0.92211792 0.00000000 53.85617062 132.05045196 78.19428134 3.05801112 3.09769482 1.82876689 0.29021198 1.91749511 0.70309209 0.35140545 0.25414523 0.27871042 0.08422299 3.67678748 0.49433849 0.12348579 0.06458980 0.07767950 0.01705757 0.13432836 1.78984238
2300.00000000 115.00000000 72.96985836 155.87310006 82.90324171 3.73284372 1.16774900 1.16774900 0.00000000 53.86124432 132.11133655 78.25009223 3.04963899 2.83718292 1.91675728 0.26369271 1.80545793 0.66626948 0.32267810 0.22436480 0.25315225 0.06953384 3.25967835 0.44391503 0.10412116 0.05033956 0.06408606 0.01705757 0.13859275 1.78283713
2310.00000000 115.50000000 72.96895805 155.87400037 82.90504232 3.75688087 1.07188313 1.07188313 0.00000000 53.84419188 132.07498035 78.23078847 3.06676951 2.91897242 1.83114034 0.22938334 1.86607047 0.66788242 0.28775479 0.18302747 0.21967355 0.05261672 3.48221900 0.44606692 0.08280282 0.03349906 0.04825647 0.01918977 0.13006397 1.79509632
2320.00000000 116.00000000 72.99781932 155.84513910 82.84731979 3.71913788 1.09948620 1.09948620 0.00000000 53.85003408 132.07984903 78.22981495 3.11061986 2.95750657 1.82125731 0.24082260 1.86148326 0.65511420 0.29694619 0.19568467 0.23180592 0.05799553 3.46511994 0.42917461 0.08817704 0.03829249 0.05373399 0.01705757 0.12579957 1.79334501
2330.00000000 116.50000000 72.91952333 155.92343509 83.00391176 3.76537594 1.19082383 1.19082383 0.00000000 53.86025406 132.08578415 78.22553008 3.00721102 2.93038275 1.83392568 0.26377336 1.93602151 0.65796394 0.31867615 0.21876535 0.25534593 0.06957638 3.74817929 0.43291655 0.10155449 0.04785828 0.06520154 0.01705757 0.13006397 1.78633975
2340.00000000 117.00000000 72.91823436 155.92472406 83.00648971 3.74427871 0.89834534 0.89834534 0.00000000 53.87474812 132.11123912 78.23649100 2.97596431 3.17593044 1.79543462 0.25592631 1.97739261 0.66516811 0.30583591 0.21003804 0.24910371 0.06549828 3.91008154 0.44244861 0.09353560 0.04411598 0.06205266 0.01492537 0.12153518 1.79334501
2350.00000000 117.50000000 72.92448369 155.91847473 82.99399104 3.76985633 0.95375178 0.95375178 0.00000000 53.87426110 132.16175562 78.28749452 3.08062880 3.01823472 1.88720714 0.25229736 1.90132389 0.64714437 0.29924089 0.20472504 0.24658623 0.06365396 3.61503253 0.41879583 0.08954511 0.04191234 0.06080477 0.01705757 0.12579957 1.78283713
2360.00000000 118.00000000 72.97373753 155.86922089 82.89548335 3.76610047 1.07943965 1.07943965 0.00000000 53.85228504 132.11891398 78.26662894 3.06320819 3.01280987 1.78911131 0.22995772 1.84545682 0.67920354 0.26828179 0.17778851 0.22727124 0.05288056 3.40571087 0.46131744 0.07197512 0.03160875 0.05165221 0.01705757 0.12153518 1.78108581
2370.00000000 118.50000000 73.00567998 155.83727844 82.83159847 3.73862655 0.96989900 0.96989900 0.00000000 53.84038908 132.09066152 78.25027245 3.11771561 2.98605085 1.85830658 0.23295446 1.84934199 0.66121065 0.30065508 0.18300557 0.22067883 0.05426778 3.42006578 0.43719952 0.09039347 0.03349104 0.04869914 0.01918977 0.13219616 1.78984238
2380.00000000 119.00000000 72.98964469 155.85331373 82.86366903 3.75025662 0.95183148 0.95183148 0.00000000 53.84010943 132.10247631 78.26236688 3.18079426 2.89987748 1.84971514 0.23906692 1.83495641 0.67132734 0.29539307 0.18946409 0.23058555 0.05715299 3.36706502 0.45068039 0.08725707 0.03589664 0.05316970 0.01705757 0.12579957 1.77408056
2390.00000000 119.50000000 72.99666977 155.84628865 82.84961888 3.73421657 0.93580324 0.93580324 0.00000000 53.83135225 132.09810255 78.26675030 3.14971184 2.98968199 1.80203708 0.27267044 1.90073914 0.68174229 0.32784088 0.21469959 0.26603651 0.07434917 3.61280929 0.46477255 0.10747964 0.04609591 0.07077542 0.01492537 0.12366738 1.79509632
2400.00000000 120.00000000 73.10380549 155.73915293 82.63534745 3.73567275 1.01760018 1.01760018 0.00000000 53.82410863 132.05084395 78.22673532 2.98515998 2.92826316 1.75657863 0.29639388 1.89349048 0.67709682 0.34538587 0.25468608 0.28951604 0.08784933 3.58530621 0.45846011 0.11929140 0.06486500 0.08381954 0.01918977 0.12366738 1.77232925
2410.00000000 120.50000000 73.00065948 155.84229894 82.84163946 3.73313725 0.94690762 0.94690762 0.00000000 53.84963861 132.10689795 78.25725934 3.01974335 2.93885477 1.87730837 0.27077527 1.85591177 0.70404360 0.32537311 0.22778119 0.26221106 0.07331925 3.44440849 0.49567739 0.10586766 0.05188427 0.06875464 0.01705757 0.12153518 1.78809107
2420.00000000 121.00000000 72.96158440 155.88137402 82.91978963 3.77372329 1.16312223 1.16312223 0.00000000 53.84025054 132.11316924 78.27291870 3.14829701 3.03828330 1.79673454 0.23867971 1.78446188 0.67852544 0.28873299 0.18800294 0.23231904 0.05696800 3.18430420 0.46039678 0.08336674 0.03534511 0.05397214 0.01705757 0.12153518 1.78809107
2430.00000000 121.50000000 72.99913464 155.84382378 82.84468913 3.73384513 1.13549774 1.13549774 0.00000000 53.84928803 132.10404525 78.25475722 3.00450243 2.75381154 1.71628841 0.22684109 1.72697498 0.68912831 0.27851509 0.17440174 0.22008012 0.05145688 2.98244257 0.47489782 0.07757065 0.03041597 0.04843526 0.01705757 0.12579957 1.76707531
2440.00000000 122.00000000 72.99252246 155.85043596 82.85791350 3.76237921 1.01973848 1.01973848 0.00000000 53.85648404 132.09641630 78.23993227 3.14030927 2.89081447 1.78975937 0.21597551 1.76722743 0.65350186 0.26120787 0.16327016 0.21114158 0.04664542 3.12309278 0.42706468 0.06822955 0.02665714 0.04458077 0.01705757 0.12579957 1.78984238
2450.00000000 122.50000000 73.00956576 155.83339266 82.82382691 3.75115398 0.90244673 0.90244673 0.00000000 53.85618769 132.07160270 78.21541501 3.17847670 2.81094655 1.80021323 0.24053205 1.77783403 0.68081485 0.29682407 0.19715074 0.23120985 0.05785567 3.16069384 0.46350886 0.08810453 0.03886842 0.05345799 0.01705757 0.12579957 1.78809107
2460.00000000 123.00000000 72.90161924 155.94133918 83.03971995 3.77428607 0.83197869 0.83197869 0.00000000 53.86741207 132.05564344 78.18823138 2.96132546 2.93829422 1.84187910 0.27234347 1.81265830 0.67099711 0.32399086 0.22880933 0.26477801 0.07417097 3.28573011 0.45023712 0.10497007 0.05235371 0.07010740 0.01705757 0.12366738 1.78283713
2470.00000000 123.50000000 72.97952749 155.86343093 82.88390344 3.73102139 1.10973744 1.10973744 0.00000000 53.86692785 132.09090769 78.22397984 2.99047937 2.87311039 1.76422619 0.24915461 1.79600389 0.67839864 0.30960028 0.20391437 0.23885267 0.06207802 3.22562998 0.46022472 0.09585233 0.04158107 0.05705060 0.01492537 0.12579957 1.79159370
2480.00000000 124.00000000 72.96230982 155.88064860 82.91833879 3.76095758 0.79629225 0.79629225 0.00000000 53.86730874 132.10667446 78.23936572 3.06445087 2.80823725 1.83680296 0.23295249 1.78798367 0.70848534 0.28377009 0.19970456 0.22382964 0.05426686 3.19688561 0.50195147 0.08052547 0.03988191 0.05009971 0.01705757 0.13432836 1.77758319
2490.00000000 124.50000000 72.98231497 155.86064345 82.87832849 3.75999795 0.88013705 0.88013705 0.00000000 53.84048265 132.10706769 78.26658504 3.06442010 2.87665684 1.87285099 0.25629075 1.77522680 0.73785417 0.31131053 0.21846961 0.24671905 0.06568495 3.15143019 0.54442877 0.09691424 0.04772897 0.06087029 0.01705757 0.12366738 1.79334501
2500.00000000 125.00000000 73.01958284 155.82337558 82.80379275 3.73703451 0.94673892 0.94673892 0.00000000 53.83757154 132.05025576 78.21268422 3.09463005 3.03815898 1.84422595 0.26791836 1.76153670 0.72849708 0.32082162 0.21846287 0.26077331 0.07178025 3.10301154 0.53070800 0.10292651 0.04772603 0.06800272 0.01705757 0.12153518 1.81260946
2510.00000000 125.50000000 72.99539491 155.84756351 82.85216860 3.75236838 1.03376882 1.03376882 0.00000000 53.84855919 132.11568717 78.26712798 3.10424137 3.01127996 1.79816518 0.25994787 1.78362032 0.73145788 0.31519621 0.22039849 0.25058968 0.06757289 3.18130143 0.53503063 0.09934865 0.04857549 0.06279519 0.01705757 0.12793177 1.77758319
2520.00000000 126.00000000 72.99725501 155.84570341 82.84844840 3.76617266 1.03233897 1.03233897 0.00000000 53.84172460 132.08160193 78.23987733 3.13280008 2.92856679 1.81811522 0.28825467 1.79071713 0.73898380 0.33439849 0.25800133 0.28046782 0.08309075 3.20666782 0.54609705 0.11182235 0.06656469 0.07866220 0.01705757 0.11513859 1.78984238
2530.00000000 126.50000000 72.99357501 155.84938341 82.85580840 3.73057376 1.05051659 1.05051659 0.00000000 53.85828758 132.12173822 78.26345064 3.22660041 2.96393890 1.81256451 0.29004522 1.78276096 0.78377446 0.33649100 0.26069012 0.28203850 0.08412623 3.17823665 0.61430240 0.11322620 0.06795934 0.07954572 0.01492537 0.13006397 1.80385289
2540.00000000 127.00000000 72.94666267 155.89629575 82.94963308 3.76164256 1.05028571 1.05028571 0.00000000 53.86372454 132.14931961 78.28559508 3.08289879 2.94653818 1.87568215 0.30439589 1.80137593 0.73395878 0.35321908 0.26245263 0.29764529 0.09265686 3.24495524 0.53869549 0.12476372 0.06888139 0.08859272 0.01705757 0.12793177 1.78809107
2550.00000000 127.50000000 72.97275763 155.87020079 82.89744316 3.72830206 0.84895429 0.84895429 0.00000000 53.87031480 132.07425091 78.20393610 3.05951828 2.88963931 1.83629327 0.34637770 1.78553221 0.77304521 0.38071545 0.31339485 0.34258239 0.11997751 3.18812527 0.59759890 0.14494426 0.09821633 0.11736269 0.01705757 0.12366738 1.78283713
2560.00000000 128.00000000 72.88997606 155.95298236 83.06300630 3.74543741 1.11073886 1.11073886 0.00000000 53.86578105 132.11946971 78.25368866 3.01646703 3.04942250 1.78655987 0.32785896 1.83339102 0.80292879 0.37139008 0.28907055 0.32228871 0.10749150 3.36132263 0.64469464 0.13793059 0.08356178 0.10387001 0.01705757 0.12366738 1.78108581
2570.00000000 128.50000000 72.93351039 155.90944803 82.97593765 3.74163326 1.24566591 1.24566591 0.00000000 53.85140375 132.14337820 78.29197445 2.99416476 3.04349163 1.80692140 0.29326886 1.89989463 0.75090531 0.34616071 0.25139834 0.28522340 0.08600662 3.60959962 0.56385878 0.11982724 0.06320112 0.08135239 0.01705757 0.13219616 1.79859895
2580.00000000 129.00000000 73.01293324 155.83002518 82.81709193 3.74098655 0.95237161 0.95237161 0.00000000 53.87006848 132.07710704 78.20703856 2.98301706 2.83296241 1.81410303 0.27795229 1.92714408 0.75015495 0.31931267 0.24598927 0.27179555 0.07725747 3.71388432 0.56273244 0.10196058 0.06051072 0.07387282 0.01918977 0.13219616 1.78984238
2590.00000000 129.50000000 73.03649232 155.80646610 82.76997378 3.74737597 0.76528480 0.76528480 0.00000000 53.86544879 132.11551534 78.25006655 3.05583722 2.89250100 1.78515778 0.29587669 1.93649354 0.75954432 0.32723881 0.26555409 0.29239493 0.08754301 3.75000722 0.57690757 0.10708524 0.07051898 0.08549480 0.01705757 0.11940299 1.80385289
2600.00000000 130.00000000 72.99279594 155.85016248 82.85736653 3.74661908 0.95622537 0.95622537 0.00000000 53.83732709 132.09881314 78.26148606 3.12501322 2.84918111 1.73243535 0.30044022 1.86157833 0.73825713 0.34161787 0.25963058 0.29574329 0.09026432 3.46547386 0.54502359 0.11670277 0.06740804 0.08746410 0.01705757 0.12793177 1.79684764
2610.00000000 130.50000000 73.00195323 155.84100519 82.83905195 3.75735099 1.06261600 1.06261600 0.00000000 53.83707718 132.10656315 78.26948597 3.04793990 2.99883715 1.85827160 0.32665718 1.81555632 0.77669106 0.36831320 0.28491453 0.32205940 0.10670491 3.29624476 0.60324900 0.13565461 0.08117629 0.10372226 0.01705757 0.13006397 1.78633975
2620.00000000 131.00000000 73.04093730 155.80202112 82.76108382 3.74552942 1.04776417 1.04776417 0.00000000 53.85395349 132.10883019 78.25487671 3.12143772 2.87877208 1.79710501 0.30597389 1.93835729 0.75377495 0.34767013 0.27097403 0.30028639 0.09362002 3.75722898 0.56817667 0.12087452 0.07342692 0.09017192 0.01705757 0.11940299 1.79509632
2630.00000000 131.50000000 73.02223281 155.82072561 82.79849280 3.75900631 1.01404705 1.01404705 0.00000000 53.82258486 132.13201526 78.30943040 3.19458507 2.83968191 1.87070365 0.27418907 1.94708135 0.76484272 0.33772392 0.22489171 0.26374374 0.07517965 3.79112578 0.58498439 0.11405745 0.05057628 0.06956076 0.01705757 0.11727079 1.78283713
2640.00000000 132.00000000 73.00378797 155.83917045 82.83538247 3.73497240 1.02166560 1.02166560 0.00000000 53.84879283 132.07703530 78.22824248 3.12564259 2.85024983 1.84912607 0.29878813 1.89209173 0.76933768 0.36802538 0.26034354 0.28515761 0.08927435 3.58001111 0.59188047 0.13544268 0.06777876 0.08131486 0.01705757 0.13219616 1.79159370
2650.00000000 132.50000000 73.00153839 155.84142003 82.83988165 3.75626616 1.12216112 1.12216112 0.00000000 53.82190702 132.08467855 78.26277154 3.12843015 2.91777286 1.87671561 0.31652291 1.90352286 0.75521842 0.36325270 0.27602311 0.31023375 0.10018676 3.62339928 0.57035486 0.13195252 0.07618876 0.09624498 0.01705757 0.13219616 1.79859895
2660.00000000 133.00000000 72.93478769 155.90817073 82.97338305 3.76375424 1.16135785 1.16135785 0.00000000 53.85351843 132.08181934 78.22830090 3.11713842 2.99255509 1.77713971 0.27584889 1.89143338 0.76710758 0.32154561 0.22723234 0.27082137 0.07609261 3.57752023 0.58845404 0.10339158 0.05163453 0.07334421 0.01705757 0.11727079 1.78809107
2670.00000000 133.50000000 72.99630241 155.84665601 82.85035360 3.75614115 0.94809438 0.94809438 0.00000000 53.84898602 132.08985061 78.24086459 3.09557805 2.97308044 1.86690320 0.24766648 1.90139755 0.74576680 0.29993412 0.18865350 0.24181535 0.06133869 3.61531266 0.55616812 0.08996048 0.03559014 0.05847466 0.01705757 0.12579957 1.78458844
2680.00000000 134.00000000 73.01949992 155.82345850 82.80395858 3.75730297 1.09604730 1.09604730 0.00000000 53.82811991 132.10135369 78.27323378 3.07022909 2.81904742 1.82847779 0.24185139 1.90112501 0.72608211 0.30789334 0.19095427 0.23040609 0.05849209 3.61427632 0.52719523 0.09479831 0.03646353 0.05308697 0.01705757 0.12366738 1.79334501
2690.00000000 134.50000000 73.02736463 155.81559379 82.78822917 3.74944402 1.00131542 1.00131542 0.00000000 53.81149472 132.05176818 78.24027346 3.07525719 2.82443802 1.78611764 0.24975093 1.93589245 0.75059425 0.30945608 0.20338625 0.23985462 0.06237553 3.74767958 0.56339173 0.09576306 0.04136597 0.05753024 0.01705757 0.13432836 1.78984238
2700.00000000 135.00000000 73.11932155 155.72363687 82.60431533 3.73443325 0.95375362 0.95375362 0.00000000 53.79535486 132.04757657 78.25222171 3.04796386 2.80912774 1.77033111 0.28577838 1.95321483 0.75688021 0.34150684 0.24521350 0.27662214 0.08166928 3.81504818 0.57286765 0.11662692 0.06012966 0.07651981 0.01705757 0.11940299 1.79684764
2710.00000000 135.50000000 73.10234344 155.74061498 82.63827154 3.70835901 1.06601098 1.06601098 0.00000000 53.82540783 132.01970931 78.19430148 3.10575979 2.87179329 1.81046802 0.25862599 1.93379450 0.74531971 0.32189019 0.20987160 0.24801777 0.06688740 3.73956115 0.55550147 0.10361329 0.04404609 0.06151282 0.01918977 0.12579957 1.79159370
2720.00000000 136.00000000 72.99491094 155.84804748 82.85313654 3.76932763 0.92281190 0.92281190 0.00000000 53.84694702 132.15044364 78.30349662 3.07641994 2.86069752 1.86259500 0.26183244 1.96956731 0.73305433 0.31785480 0.21496997 0.25330098 0.06855622 3.87919538 0.53736865 0.10103167 0.04621209 0.06416139 0.01705757 0.12793177 1.78633975
2730.00000000 136.50000000 72.92104656 155.92191186 83.00086529 3.76361678 1.14764483 1.14764483 0.00000000 53.87248087 132.07984855 78.20736767 3.05557076 2.97491252 1.80032781 0.32702433 1.95426180 0.77324735 0.37631156 0.29589201 0.31860741 0.10694491 3.81913918 0.59791146 0.14161039 0.08755208 0.10151068 0.01705757 0.13006397 1.79159370
2740.00000000 137.00000000 72.90493228 155.93802614 83.03309387 3.76258775 1.11850758 1.11850758 0.00000000 53.89580683 132.10811192 78.21230509 3.21336246 2.84607560 1.82567716 0.35730144 1.93157073 0.73346211 0.40519677 0.32443520 0.34966934 0.12766432 3.73096549 0.53796667 0.16418442 0.10525820 0.12226865 0.01918977 0.12579957 1.77583187
2750.00000000 137.50000000 72.89184533 155.95111309 83.05926777 3.77484529 1.07136534 1.07136534 0.00000000 53.88859247 132.16159169 78.27299921 2.99086201 2.92165039 1.81354023 0.35905639 1.94139812 0.76416282 0.41334994 0.32221529 0.35017203 0.12892149 3.76902667 0.58394481 0.17085818 0.10382269 0.12262045 0.01705757 0.13219616 1.76882662
2760.00000000 138.00000000 72.94858364 155.89437478 82.94579114 3.73661615 0.95285200 0.95285200 0.00000000 53.87368711 132.13311802 78.25943090 3.07791441 2.94888913 1.76390092 0.34403148 1.95731446 0.75966580 0.39937154 0.30855028 0.33456199 0.11835766 3.83107988 0.57709213 0.15949763 0.09520328 0.11193173 0.01705757 0.12366738 1.80560420
2770.00000000 138.50000000 72.94325279 155.89970563 82.95645283 3.77849557 1.20200750 1.20200750 0.00000000 53.85890741 132.11235107 78.25344366 3.05360810 2.92119517 1.82651603 0.33218112 1.91016890 0.79465544 0.38284473 0.28577142 0.32568033 0.11034430 3.64874521 0.63147726 0.14657009 0.08166531 0.10606768 0.01918977 0.12366738 1.78108581
2780.00000000 139.00000000 72.98387025 155.85908817 82.87521792 3.74074960 0.98385124 0.98385124 0.00000000 53.85903988 132.10751300 78.24847312 3.09485205 2.95436794 1.80532952 0.32300759 1.96079024 0.74250385 0.38062842 0.28782027 0.31269812 0.10433390 3.84469838 0.55131196 0.14487799 0.08284051 0.09778011 0.01705757 0.13219616 1.79509632
2790.00000000 139.50000000 73.00106824 155.84189018 82.84082194 3.76102804 1.07602584 1.07602584 0.00000000 53.84677784 132.09124232 78.24446448 3.05627420 2.87096819 1.81437372 0.29149194 2.00981166 0.72518773 0.34609898 0.24778259 0.28318169 0.08496755 4.03934290 0.52589724 0.11978450 0.06139621 0.08019187 0.01918977 0.11940299 1.79684764
2800.00000000 140.00000000 73.02276912 155.82018930 82.79742018 3.72998843 1.06266505 1.06266505 0.00000000 53.82635692 132.07482575 78.24846883 2.86567447 2.95194442 1.79295185 0.29794808 2.09472360 0.74601334 0.36991460 0.25561062 0.28401262 0.08877306 4.38786694 0.55653591 0.13683681 0.06533679 0.08066317 0.01705757 0.12793177 1.78458844
2810.00000000 140.50000000 73.01209420 155.83086422 82.81877002 3.73258305 1.04492919 1.04492919 0.00000000 53.83460839 132.10103794 78.26642955 3.07655523 2.96001239 1.78228722 0.31328908 2.06125395 0.73443694 0.37531007 0.27928816 0.30138210 0.09815005 4.24876785 0.53939762 0.14085765 0.07800188 0.09083117 0.01705757 0.12153518 1.80560420
2820.00000000 141.00000000 73.03167887 155.81127955 82.77960067 3.75628927 1.08902023 1.08902023 0.00000000 53.82617224 132.09691138 78.27073914 3.06789058 2.87150109 1.79922724 0.33998803 1.96860549 0.72740029 0.38067216 0.30884951 0.33410973 0.11559186 3.87540756 0.52911118 0.14491130 0.09538802 0.11162931 0.01705757 0.12793177 1.78108581
2830.00000000 141.50000000 73.06821653 155.77474189 82.70652536 3.72703016 0.87655214 0.87655214 0.00000000 53.80972673 132.05313079 78.24340407 3.24985655 2.78725914 1.96160384 0.38729066 1.95885214 0.76653676 0.43687232 0.35536353 0.37911742 0.14999406 3.83710172 0.58757860 0.19085742 0.12628324 0.14373002 0.01705757 0.12153518 1.80210158
2840.00000000 142.00000000 72.98069778 155.86226064 82.88156287 3.73949948 0.97575507 0.97575507 0.00000000 53.84772454 132.11570750 78.26798296 3.12410819 3.01354417 1.85146743 0.32817280 1.86437313 0.73881660 0.39282924 0.29106956 0.31602586 0.10769739 3.47588716 0.54584997 0.15431482 0.08472149 0.09987235 0.01705757 0.13006397 1.78283713
2850.00000000 142.50000000 72.92135219 155.92160623 83.00025404 3.74162431 1.25299330 1.25299330 0.00000000 53.87871656 132.12616868 78.24745212 2.96437325 3.00640933 1.82561577 0.33865271 1.90632536 0.74332207 0.39241809 0.29156674 0.33136813 0.11468566 3.63407639 0.55252771 0.15399196 0.08501116 0.10980483 0.01918977 0.11727079 1.79159370
2860.00000000 143.00000000 72.88872126 155.95423716 83.06551590 3.73440856 1.25409992 1.25409992 0.00000000 53.86076235 132.11612601 78.25536366 2.97333296 2.85124961 1.79270713 0.33607167 1.90326924 0.74293723 0.39018586 0.30266619 0.32661167 0.11294417 3.62243382 0.55195573 0.15224500 0.09160682 0.10667518 0.01705757 0.12366738 1.79509632
2870.00000000 143.50000000 72.98799721 155.85496121 82.86696400 3.75388043 0.71915099 0.71915099 0.00000000 53.85423987 132.10337165 78.24913178 3.16569995 2.89693956 1.85839431 0.34028653 1.89133139 0.73024363 0.38731237 0.30031857 0.33392846 0.11579492 3.57713444 0.53325575 0.15001087 0.09019124 0.11150821 0.01705757 0.12793177 1.78633975
2880.00000000 144.00000000 73.01555912 155.82739930 82.81184017 3.72568505 1.16553689 1.16553689 0.00000000 53.85128798 132.09304664 78.24175866 3.11186499 2.99930831 1.69371871 0.33517479 1.86733326 0.75510477 0.37838919 0.29126496 0.33048080 0.11234214 3.48693350 0.57018321 0.14317838 0.08483528 0.10921756 0.01705757 0.12366738 1.79334501
2890.00000000 144.50000000 72.90988654 155.93307188 83.02318535 3.78459855 1.34565324 1.34565324 0.00000000 53.82939012 132.09337032 78.26398020 2.91475624 2.94098947 1.83829291 0.32292337 1.94382600 0.75889119 0.36652637 0.27432364 0.31875015 0.10427951 3.77845950 0.57591584 0.13434158 0.07525346 0.10160166 0.01492537 0.11940299 1.78809107
2900.00000000 145.00000000 73.02013910 155.82281932 82.80268022 3.74094364 0.95594504 0.95594504 0.00000000 53.82357198 132.06194629 78.23837430 3.14547610 2.81682490 1.77195423 0.28790675 1.90793016 0.73797456 0.32274539 0.24990877 0.28456582 0.08289030 3.64019749 0.54460644 0.10416459 0.06245439 0.08097771 0.01705757 0.12579957 1.79334501
2910.00000000 145.50000000 73.08018297 155.76277545 82.68259248 3.75157057 1.10965378 1.10965378 0.00000000 53.81665310 132.03869536 78.22204226 3.08170354 2.76428154 1.71728154 0.28367082 1.92476656 0.75558447 0.32485922 0.23731450 0.27969305 0.08046913 3.70472631 0.57090790 0.10553351 0.05631817 0.07822820 0.01705757 0.13006397 1.79334501
2920.00000000 146.00000000 73.04754251 155.79541591 82.74787340 3.75751203 0.85277955 0.85277955 0.00000000 53.81283827 132.09332858 78.28049031 3.15836299 2.82419738 1.80197388 0.27885927 1.87248058 0.75615638 0.31156993 0.22982987 0.27765257 0.07776250 3.50618353 0.57177248 0.09707582 0.05282177 0.07709095 0.01705757 0.12579957 1.77232925
2930.00000000 146.50000000 72.99198339 155.85097503 82.85899164 3.72469103 1.26668935 1.26668935 0.00000000 53.83816165 132.06744823 78.22928658 2.91685284 3.00563507 1.86426382 0.28753331 1.90398615 0.74657280 0.33202309 0.23723086 0.28316763 0.08267540 3.62516326 0.55737095 0.11023933 0.05627848 0.08018391 0.01705757 0.12153518 1.78108581
2940.00000000 147.00000000 73.05280401 155.79015441 82.73735040 3.75203926 0.98903576 0.98903576 0.00000000 53.83674905 132.06517458 78.22842554 3.10257806 2.91209130 1.88113859 0.28620673 1.85474440 0.75428688 0.34579499 0.23138597 0.27790009 0.08191429 3.44007679 0.56894870 0.11957418 0.05353947 0.07722846 0.01705757 0.13859275 1.78283713
2950.00000000 147.50000000 73.00973259 155.83322583 82.82349324 3.73286229 1.07654241 1.07654241 0.00000000 53.84075596 132.05313228 78.21237633 3.14594375 2.95092357 1.82066821 0.27686841 1.91603641 0.73154519 0.31342818 0.22708910 0.27466698 0.07665612 3.67119553 0.53515836 0.09823722 0.05156946 0.07544195 0.01705757 0.13006397 1.79509632
2960.00000000 148.00000000 72.92190017 155.92105825 82.99915808 3.76147090 1.15089260 1.15089260 0.00000000 53.83144645 132.09007444 78.25862799 3.18574264 2.90635494 1.88455259 0.25505348 1.92118461 0.74590803 0.29745900 0.19341014 0.25259127 0.06505228 3.69095031 0.55637880 0.08848186 0.03740748 0.06380235 0.01705757 0.13006397 1.78633975
2970.00000000 148.50000000 72.99749955 155.84545887 82.84795932 3.76355765 1.04275702 1.04275702 0.00000000 53.82072484 132.09267934 78.27195449 3.01061918 3.01119526 1.84401119 0.25053402 1.96157227 0.74775322 0.29392648 0.18577531 0.24813316 0.06276730 3.84776578 0.55913488 0.08639278 0.03451247 0.06157006 0.01705757 0.12153518 1.78108581
2980.00000000 149.00000000 72.86986831 155.97309011 83.10322179 3.77134461 1.24295360 1.24295360 0.00000000 53.87729419 132.12088133 78.24358714 3.00321204 2.70287409 1.74523728 0.25308529 1.88360603 0.72139823 0.30588824 0.19530420 0.24696432 0.06405216 3.54797169 0.52041540 0.09356761 0.03814373 0.06099137 0.01705757 0.12366738 1.78809107
2990.00000000 149.50000000 72.93328253 155.90967589 82.97639337 3.76780792 0.92770552 0.92770552 0.00000000 53.86836174 132.12589810 78.25753637 3.00938069 2.86192826 1.81566741 0.25732154 1.93340547 0.71200703 0.30465798 0.18816469 0.25435916 0.06621437 3.73805670 0.50695401 0.09281649 0.03540595 0.06469858 0.01705757 0.12366738 1.77408056
3000.00000000 150.00000000 73.05515574 155.78780268 82.73264694 3.74550996 1.10953942 1.10953942 0.00000000 53.82211565 132.06755421 78.24543856 3.05440978 2.90951422 1.84818268 0.24381053 1.94580141 0.73650275 0.29571676 0.17952547 0.23870078 0.05944357 3.78614314 0.54243630 0.08744840 0.03222939 0.05697806 0.01918977 0.14072495 1.80210158
3010.00000000 150.50000000 73.08604332 155.75691510 82.67087178 3.74126325 1.16106738 1.16106738 0.00000000 53.79359419 132.05572384 78.26212965 3.14921660 3.02370016 1.78092158 0.24481247 1.97184935 0.74200713 0.28265794 0.19261154 0.24238030 0.05993314 3.88818986 0.55057458 0.07989551 0.03709920 0.05874821 0.01705757 0.13006397 1.77232925
3020.00000000 151.00000000 73.04337577 155.79958265 82.75620687 3.74203186 0.88581559 0.88581559 0.00000000 53.82784939 132.04310565 78.21525626 3.16650149 2.99825929 1.73371611 0.24619802 1.95025595 0.74796502 0.28752456 0.18792979 0.24354715 0.06061346 3.80349825 0.55945168 0.08267038 0.03531761 0.05931521 0.01705757 0.13006397 1.79334501
3030.00000000 151.50000000 73.01942937 155.82352905 82.80409968 3.75140241 1.09661043 1.09661043 0.00000000 53.83976642 132.07167512 78.23190870 3.04060566 2.99906667 1.81828741 0.25671487 1.93841054 0.72519807 0.29887878 0.20536279 0.25298379 0.06590253 3.75743542 0.52591225 0.08932853 0.04217388 0.06400080 0.01705757 0.12793177 1.78984238
3040.00000000 152.00000000 72.93569063 155.90726779 82.97157715 3.74364202 1.08544053 1.08544053 0.00000000 53.85341674 132.11460006 78.26118332 3.14417631 2.77865842 1.82599898 0.26934665 1.93346090 0.73797449 0.31150920 0.21003826 0.26676510 0.07254762 3.73827105 0.54460634 0.09703798 0.04411607 0.07116362 0.01705757 0.12366738 1.79159370
3050.00000000 152.50000000 72.99494822 155.84801020 82.85306197 3.72492842 1.07274849 1.07274849 0.00000000 53.86948805 132.10279528 78.23330723 3.09671345 2.89631263 1.75614797 0.30111578 1.96539894 0.77058233 0.34067970 0.26070702 0.29682737 0.09067071 3.86279298 0.59379713 0.11606266 0.06796815 0.08810649 0.01705757 0.13006397 1.80035026
3060.00000000 153.00000000 72.98759602 155.85536240 82.86776637 3.75075684 1.25333704 1.25333704 0.00000000 53.84131140 132.10341322 78.26210182 3.00473995 2.97293511 1.75069220 0.28639139 1.91929854 0.75834795 0.33666792 0.22367169 0.28199387 0.08202003 3.68370687 0.57509161 0.11334529 0.05002903 0.07952055 0.01705757 0.12579957 1.78108581
3070.00000000 153.50000000 72.98200037 155.86095805 82.87895768 3.75281807 1.19367539 1.19367539 0.00000000 53.83527147 132.10705549 78.27178402 3.07638853 2.81675280 1.76984692 0.28755835 1.93412298 0.73817369 0.32771362 0.22458172 0.28616199 0.08268981 3.74083171 0.54490040 0.10739621 0.05043695 0.08188868 0.01705757 0.11727079 1.78809107
3080.00000000 154.00000000 72.96542841 155.87753001 82.91210160 3.76203612 1.12728206 1.12728206 0.00000000 53.84171002 132.04836092 78.20665089 3.10831111 2.77398813 1.83509412 0.24211611 1.92505190 0.73883069 0.28980740 0.19288887 0.23632012 0.05862021 3.70582482 0.54587079 0.08398833 0.03720612 0.05584720 0.01705757 0.12579957 1.78984238
3090.00000000 154.50000000 73.01358508 155.82937334 82.81578826 3.73752035 1.19194736 1.19194736 0.00000000 53.85113265 132.08844698 78.23731433 2.96854035 2.86316847 1.72150346 0.23826015 1.93730991 0.74586431 0.26382634 0.17939473 0.24011739 0.05676790 3.75316970 0.55631357 0.06960434 0.03218247 0.05765636 0.01705757 0.13432836 1.79334501
3100.00000000 155.00000000 72.91974006 155.92321836 83.00347831 3.74709712 1.13770386 1.13770386 0.00000000 53.84872058 132.06765695 78.21893637 3.12208781 2.94040289 1.83624226 0.25883494 1.87397180 0.74527211 0.29991364 0.19575018 0.25697651 0.06699553 3.51177031 0.55543051 0.08994819 0.03831813 0.06603693 0.01918977 0.13646055 1.80035026
3110.00000000 155.50000000 73.03960733 155.80335109 82.76374376 3.75815955 0.98810554 0.98810554 0.00000000 53.83000824 132.06019784 78.23018960 3.10104294 2.86565865 1.80914457 0.24583662 1.89380659 0.71440450 0.29411023 0.17966359 0.24209941 0.06043564 3.58650339 0.51037378 0.08650082 0.03227901 0.05861212 0.01705757 0.12793177 1.77583187
3120.00000000 156.00000000 73.05644109 155.78651733 82.73007625 3.73389870 0.95043716 0.95043716 0.00000000 53.84514042 132.06982191 78.22468149 3.04677828 2.84820217 1.70602446 0.26268592 1.90035916 0.73552447 0.28256869 0.20975248 0.26544597 0.06900389 3.61136494 0.54099625 0.07984506 0.04399610 0.07046156 0.01705757 0.12153518 1.79334501
3130.00000000 156.50000000 72.99018667 155.85277175 82.86258508 3.75672104 0.95839567 0.95839567 0.00000000 53.83154902 132.08098492 78.24943590 3.08996785 2.89462013 1.81810887 0.29667728 1.92801107 0.75288642 0.34073725 0.25353227 0.29146657 0.08801741 3.71722670 0.56683796 0.11610187 0.06427861 0.08495276 0.01705757 0.12153518 1.77758319
3140.00000000 157.00000000 72.99014969 155.85280873 82.86265904 3.76899320 1.12459981 1.12459981 0.00000000 53.82691231 132.10520329 78.27829099 3.17263188 2.86961724 1.85637234 0.29823358 1.91190676 0.74503911 0.34311229 0.25100313 0.29337864 0.08894327 3.65538748 0.55508328 0.11772604 0.06300257 0.08607103 0.01705757 0.12579957 1.77232925
3150.00000000 157.50000000 73.01099082 155.83196760 82.82097678 3.75646929 1.02251498 1.02251498 0.00000000 53.83108059 132.09750609 78.26642550 3.04287964 2.99550282 1.79645322 0.28616603 1.92067352 0.71925448 0.32501646 0.22003688 0.28554150 0.08189100 3.68898676 0.51732701 0.10563570 0.04841623 0.08153395 0.01918977 0.12153518 1.78283713
3160.00000000 158.00000000 73.02928857 155.81366985 82.78438128 3.76025695 1.15765367 1.15765367 0.00000000 53.81835911 132.10828034 78.28992123 2.99425837 2.91940849 1.79889784 0.26974610 1.93740230 0.75667879 0.30954823 0.20950393 0.26797485 0.07276296 3.75352765 0.57256279 0.09582010 0.04389190 0.07181052 0.01705757 0.12366738 1.79159370
3170.00000000 158.50000000 73.06940818 155.77355024 82.70414207 3.75157363 1.02185169 1.02185169 0.00000000 53.83194677 132.01158364 78.17963687 3.13665675 2.86414672 1.82636169 0.29297032 1.93137519 0.73443732 0.33933865 0.23970105 0.28849784 0.08583161 3.73021014 0.53939818 0.11515072 0.05745659 0.08323100 0.01705757 0.13219616 1.77583187
3180.00000000 159.00000000 73.08271542 155.76024300 82.67752758 3.71558993 0.80024486 0.80024486 0.00000000 53.81592909 132.11409336 78.29816426 3.21725259 2.99886843 1.86260994 0.27649882 1.94779409 0.74050375 0.31846720 0.22773041 0.27259414 0.07645160 3.79390180 0.54834580 0.10142136 0.05186114 0.07430757 0.01705757 0.11940299 1.79859895
3190.00000000 159.50000000 73.08358961 155.75936881 82.67577920 3.73654707 0.99481360 0.99481360 0.00000000 53.81102476 132.04352417 78.23249941 3.07652732 2.85796048 1.81339922 0.26704164 1.90947055 0.74997523 0.30074675 0.21461568 0.26596138 0.07131124 3.64607776 0.56246284 0.09044861 0.04605989 0.07073545 0.01705757 0.12579957 1.79159370
3200.00000000 160.00000000 72.97661765 155.86634077 82.88972311 3.74016805 1.11176609 1.11176609 0.00000000 53.82179355 132.06737561 78.24558205 3.13804078 2.88209103 1.86145398 0.24492154 1.94998748 0.71607163 0.29554480 0.18451130 0.23972945 0.05998656 3.80245119 0.51275858 0.08734673 0.03404442 0.05747021 0.01705757 0.13219616 1.78458844
3210.00000000 160.50000000 73.09092411 155.75203431 82.66111021 3.74066542 0.97462242 0.97462242 0.00000000 53.81260393 132.06429364 78.25168971 3.13094288 3.02260827 1.80431387 0.22549449 2.01023371 0.73162239 0.26406322 0.16584498 0.22364681 0.05084777 4.04103957 0.53527133 0.06972938 0.02750456 0.05001790 0.01705757 0.12366738 1.78633975
3220.00000000 161.00000000 73.05135279 155.79160563 82.74025284 3.75443775 0.87505168 0.87505168 0.00000000 53.80871185 132.05952632 78.25081448 3.14037158 2.78746854 1.81868133 0.22477473 1.97096269 0.72430733 0.26646185 0.16997229 0.22138121 0.05052368 3.88469394 0.52462111 0.07100192 0.02889058 0.04900964 0.01705757 0.12366738 1.78809107
3230.00000000 161.50000000 73.01455034 155.82840808 82.81385775 3.74481789 1.11703988 1.11703988 0.00000000 53.79717976 132.04649708 78.24931732 3.15502500 2.89471012 1.79674607 0.25402732 1.91079597 0.72844434 0.29412608 0.19558871 0.25182131 0.06452988 3.65114123 0.53063116 0.08651015 0.03825494 0.06341397 0.01705757 0.13006397 1.78809107
3240.00000000 162.00000000 73.09817364 155.74478478 82.64661114 3.74559177 1.07941389 1.07941389 0.00000000 53.80808021 132.01460285 78.20652264 3.18346383 2.96347860 1.74723164 0.25497241 1.89911225 0.72336855 0.29181789 0.20966572 0.25195789 0.06501093 3.60662732 0.52326205 0.08515768 0.04395971 0.06348278 0.01705757 0.12793177 1.79509632
3250.00000000 162.50000000 73.07717279 155.76578563 82.68861283 3.72796116 1.20331403 1.20331403 0.00000000 53.80579698 132.06865037 78.26285339 2.98486057 2.93629122 1.79099232 0.28733865 1.86054905 0.74128443 0.32619923 0.23983458 0.28421243 0.08256350 3.46164276 0.54950261 0.10640594 0.05752063 0.08077671 0.01705757 0.13432836 1.76882662
3260.00000000 163.00000000 73.08338856 155.75956986 82.67618131 3.74107231 1.01523058 1.01523058 0.00000000 53.80184946 132.04227374 78.24042428 3.09200536 2.98620681 1.81270184 0.27719626 1.91258339 0.79533715 0.31931821 0.23810471 0.27187037 0.07683777 3.65797523 0.63256119 0.10196412 0.05669386 0.07391350 0.01705757 0.13646055 1.79334501
3270.00000000 163.50000000 73.04986319 155.79309523 82.74323203 3.76257360 0.95602975 0.95602975 0.00000000 53.82708282 132.04544334 78.21836052 3.06089593 2.93135421 1.81178674 0.28951490 1.93466476 0.74374398 0.33775152 0.24149057 0.28373363 0.08381888 3.74292774 0.55315510 0.11407609 0.05831770 0.08050477 0.01705757 0.13432836 1.80560420
3280.00000000 164.00000000 73.03128936 155.81166906 82.78037969 3.71030371 1.15802122 1.15802122 0.00000000 53.83465981 132.06925508 78.23459528 3.05958941 2.79837166 1.80782171 0.27236109 1.96891832 0.77728546 0.31790904 0.22219626 0.26757067 0.07418056 3.87663934 0.60417269 0.10106616 0.04937118 0.07159406 0.01705757 0.12793177 1.78809107
3290.00000000 164.50000000 72.94891989 155.89403853 82.94511863 3.77196084 0.98872259 0.98872259 0.00000000 53.85237253 132.12228146 78.26990893 3.09996571 3.05174659 1.81394844 0.27286455 1.93294315 0.74636450 0.31641769 0.21970622 0.26907774 0.07445506 3.73626921 0.55705997 0.10012015 0.04827082 0.07240283 0.01705757 0.12366738 1.79334501
3300.00000000 165.00000000 72.99945888 155.84349954 82.84404065 3.73621742 0.83443388 0.83443388 0.00000000 53.85440637 132.05903330 78.20462693 3.14653746 2.83476282 1.86867360 0.32434677 1.88214954 0.76928454 0.36175662 0.28114594 0.32115994 0.10520083 3.54248689 0.59179870 0.13086785 0.07904304 0.10314370 0.01705757 0.14072495 1.78984238
3310.00000000 165.50000000 73.06193846 155.78101996 82.71908150 3.74635688 1.05156629 1.05156629 0.00000000 53.81884552 132.04706374 78.22821821 3.17264666 2.96030125 1.81031277 0.29392878 1.89295170 0.79817089 0.32863593 0.23698875 0.29330986 0.08639413 3.58326614 0.63707677 0.10800157 0.05616367 0.08603067 0.01705757 0.13646055 1.78984238
3320.00000000 166.00000000 73.12288948 155.72006894 82.59717947 3.73058117 0.88932242 0.88932242 0.00000000 53.80207989 132.03172278 78.22964289 3.08301649 2.80922050 1.74024158 0.25120014 1.94797419 0.73388194 0.27019537 0.19015224 0.25517858 0.06310151 3.79460344 0.53858271 0.07300554 0.03615788 0.06511611 0.01705757 0.13432836 1.79334501
3330.00000000 166.50000000 73.08502553 155.75793289 82.67290736 3.77394802 0.83290153 0.83290153 0.00000000 53.80791488 132.13323502 78.32532014 2.98437420 2.97421715 1.80611641 0.24227924 1.93048911 0.74078233 0.28923037 0.16918737 0.23973519 0.05869923 3.72678819 0.54875845 0.08365421 0.02862437 0.05747296 0.01918977 0.11513859 1.79334501
3340.00000000 167.00000000 73.03197424 155.81098418 82.77900994 3.75902562 1.01778438 1.01778438 0.00000000 53.81329541 132.03776854 78.22447312 3.05251658 2.94630889 1.81180690 0.25982173 1.90504856 0.73322416 0.30149576 0.20054151 0.25730847 0.06750733 3.62921001 0.53761766 0.09089969 0.04021690 0.06620765 0.01705757 0.13646055 1.79859895
3350.00000000 167.50000000 73.10538134 155.73757708 82.63219575 3.74324766 0.97568781 0.97568781 0.00000000 53.82121670 132.09019004 78.26897334 3.03052321 2.96480110 1.80457225 0.25268940 1.96368696 0.74316576 0.30530126 0.19045225 0.24720306 0.06385194 3.85606647 0.55229534 0.09320886 0.03627206 0.06110935 0.01705757 0.13219616 1.79334501
3360.00000000 168.00000000 73.05010273 155.79285569 82.74275296 3.73866294 0.83207461 0.83207461 0.00000000 53.81310483 132.08252137 78.26941654 3.20587459 3.01550597 1.86670114 0.22458957 1.92822842 0.73553733 0.27914632 0.16002599 0.21842303 0.05044048 3.71806484 0.54101517 0.07792267 0.02560832 0.04770862 0.01705757 0.12793177 1.79509632
3370.00000000 168.50000000 72.99417459 155.84878383 82.85460924 3.76921764 1.07118147 1.07118147 0.00000000 53.81898889 132.06677732 78.24778843 2.94503555 2.90111151 1.80858119 0.21568184 1.97658796 0.72290040 0.25114275 0.14721705 0.21568754 0.04651866 3.90689998 0.52258499 0.06307268 0.02167286 0.04652112 0.01705757 0.12793177 1.78458844
3380.00000000 169.00000000 72.95913386 155.88382456 82.92469071 3.75495599 1.17982030 1.17982030 0.00000000 53.82423725 132.04466278 78.22042552 2.97532884 3.11639475 1.78676890 0.23278958 1.96017627 0.71751695 0.29306196 0.17546266 0.22398225 0.05419099 3.84229101 0.51483057 0.08588531 0.03078715 0.05016805 0.01705757 0.13646055 1.79334501
3390.00000000 169.50000000 73.00465442 155.83830400 82.83364958 3.74340688 0.91539255 0.91539255 0.00000000 53.82967171 132.16085222 78.33118050 3.22027688 2.85487000 1.91185803 0.20730593 2.00841483 0.73075844 0.24052342 0.12650943 0.20916976 0.04297575 4.03373013 0.53400789 0.05785152 0.01600463 0.04375199 0.01705757 0.12366738 1.78809107
3400.00000000 170.00000000 72.93948444 155.90347398 82.96398953 3.77382231 0.88089245 0.88089245 0.00000000 53.84680126 132.05324884 78.20644758 3.06593378 2.91309492 1.87933350 0.23050351 1.97617024 0.72116352 0.26490503 0.16859368 0.23019377 0.05313187 3.90524882 0.52007682 0.07017468 0.02842383 0.05298917 0.01918977 0.13219616 1.78984238
3410.00000000 170.50000000 72.93408944 155.90886898 82.97477954 3.76892387 0.98333751 0.98333751 0.00000000 53.86265015 132.11870056 78.25605042 2.99308450 2.90875585 1.86941877 0.24875183 1.98578466 0.72042061 0.25734022 0.20031122 0.25380371 0.06187747 3.94334071 0.51900586 0.06622399 0.04012459 0.06441632 0.01705757 0.13646055 1.79509632
3420.00000000 171.00000000 72.99207019 155.85088823 82.85881803 3.77218435 0.84305136 0.84305136 0.00000000 53.84001319 132.11873114 78.27871795 3.15598392 2.74956005 1.75260783 0.22937876 1.97772200 0.70419554 0.25210396 0.17533484 0.23135375 0.05261462 3.91138430 0.49589136 0.06355641 0.03074231 0.05352456 0.01918977 0.12793177 1.77933450
3430.00000000 171.50000000 73.04698463 155.79597379 82.74898916 3.72159873 1.07083113 1.07083113 0.00000000 53.85383948 132.02698275 78.17314327 2.92944406 2.71046138 1.77878690 0.21894751 1.99095750 0.72243488 0.24117637 0.14898600 0.22287037 0.04793801 3.96391176 0.52191215 0.05816604 0.02219683 0.04967120 0.01705757 0.13859275 1.79334501
3440.00000000 172.00000000 72.99882675 155.84413167 82.84530492 3.73283183 0.94499567 0.94499567 0.00000000 53.86588086 132.11095190 78.24507104 3.06143875 2.89625279 1.85838430 0.25332912 2.09135082 0.69973193 0.27628877 0.20347573 0.25481607 0.06417564 4.37374827 0.48962478 0.07633548 0.04140237 0.06493123 0.01705757 0.12793177 1.78633975
3450.00000000 172.50000000 72.94322467 155.89973375 82.95650908 3.76465109 0.92342267 0.92342267 0.00000000 53.87485060 132.14492409 78.27007348 3.03786641 2.81222100 1.83446133 0.24556933 2.02409797 0.70245329 0.27851397 0.18504854 0.24562455 0.06030430 4.09697260 0.49344062 0.07757003 0.03424296 0.06033142 0.01918977 0.12579957 1.78809107
3460.00000000 173.00000000 72.98891054 155.85404788 82.86513733 3.76431251 0.80806606 0.80806606 0.00000000 53.84893236 132.06414961 78.21521725 3.18234420 3.10009846 1.83011814 0.21518515 2.10171650 0.70601239 0.26511995 0.15081397 0.21032188 0.04630465 4.41721223 0.49845350 0.07028859 0.02274485 0.04423530 0.01705757 0.13219616 1.78458844
3470.00000000 173.50000000 73.07488732 155.76807110 82.69318378 3.74400249 0.80667295 0.80667295 0.00000000 53.81886741 132.08407005 78.26520264 3.17223613 2.92659380 1.85229316 0.23522427 2.03710935 0.71546681 0.27388562 0.17207445 0.23387293 0.05533046 4.14981450 0.51189276 0.07501334 0.02960962 0.05469655 0.01918977 0.13006397 1.78984238
3480.00000000 174.00000000 73.11045621 155.73250221 82.62204600 3.72674942 1.03693931 1.03693931 0.00000000 53.80659402 132.04517137 78.23857735 3.02107357 2.85999745 1.84112126 0.23117856 2.02552985 0.73513352 0.27299985 0.16560068 0.22914806 0.05344352 4.10277119 0.54042129 0.07452892 0.02742358 0.05250883 0.01918977 0.13006397 1.79334501
3490.00000000 174.50000000 72.98393452 155.85902390 82.87508939 3.77238906 0.93887163 0.93887163 0.00000000 53.83574730 132.07777459 78.24202729 3.12485772 2.86192344 1.73828079 0.25813734 1.98690921 0.73019483 0.29242822 0.19973569 0.25762725 0.06663489 3.94780822 0.53318449 0.08551426 0.03989434 0.06637180 0.01705757 0.14498934 1.80035026
3500.00000000 175.00000000 72.93808967 155.90486875 82.96677907 3.76208274 1.22204649 1.22204649 0.00000000 53.86136561 132.13231090 78.27094529 3.07364904 2.94901331 1.80242469 0.32353654 1.97700602 0.72827096 0.37191529 0.27226338 0.31836464 0.10467589 3.90855280 0.53037860 0.13832099 0.07412735 0.10135605 0.01705757 0.13859275 1.77583187
3510.00000000 175.50000000 73.04693585 155.79602257 82.74908672 3.75871807 0.93283012 0.93283012 0.00000000 53.85659322 132.10904618 78.25245296 3.12870054 2.87392930 1.78638634 0.34899010 2.01347259 0.80488419 0.38371474 0.30852870 0.34621869 0.12179409 4.05407188 0.64783856 0.14723700 0.09518996 0.11986738 0.01705757 0.12579957 1.77933450
3520.00000000 176.00000000 73.05094773 155.79201069 82.74106297 3.73664870 0.83455863 0.83455863 0.00000000 53.82113178 132.07226021 78.25112843 3.05081951 3.04356610 1.89130075 0.31048905 2.04714313 0.76239864 0.34500058 0.26329609 0.30864392 0.09640345 4.19079500 0.58125168 0.11902540 0.06932483 0.09526107 0.01705757 0.13219616 1.80735552
3530.00000000 176.50000000 73.05435968 155.78859874 82.73423906 3.71734575 0.96620183 0.96620183 0.00000000 53.81076706 132.06886225 78.25809519 3.04041724 3.04346564 1.79393191 0.34562261 2.00567567 0.79218098 0.38570705 0.29974605 0.34214149 0.11945499 4.02273489 0.62755071 0.14876993 0.08984769 0.11706080 0.01705757 0.11300640 1.79334501
3540.00000000 177.00000000 73.14375106 155.69920736 82.55545631 3.71006479 0.79828683 0.79828683 0.00000000 53.80929033 132.04798564 78.23869531 3.13141603 2.98876033 1.87795958 0.30395272 2.07770054 0.77110516 0.34843926 0.25867076 0.29896104 0.09238725 4.31683954 0.59460317 0.12140992 0.06691056 0.08937770 0.01492537 0.12793177 1.78633975
3550.00000000 177.50000000 73.12895536 155.71400306 82.58504771 3.74222252 0.80479776 0.80479776 0.00000000 53.81879980 132.13848900 78.31968920 3.10512352 2.88155590 1.75742386 0.31662784 2.06733419 0.77930877 0.36279504 0.26742741 0.31177030 0.10025319 4.27387064 0.60732216 0.13162024 0.07151742 0.09720072 0.01918977 0.12153518 1.77758319
3560.00000000 178.00000000 73.04679083 155.79616759 82.74937676 3.74436783 0.97139991 0.97139991 0.00000000 53.82021456 132.04459142 78.22437686 3.08635972 2.97413920 1.82306358 0.32617164 2.10454991 0.76223446 0.37786583 0.28137922 0.31910013 0.10638794 4.42913033 0.58100137 0.14278259 0.07917427 0.10182489 0.01705757 0.11300640 1.77933450
3570.00000000 178.50000000 73.01507341 155.82788501 82.81281160 3.74097374 0.86866034 0.86866034 0.00000000 53.84200881 132.12426427 78.28225545 3.11349735 3.05909132 1.70381114 0.31531026 2.06182740 0.80828640 0.34979802 0.26067726 0.31453249 0.09942056 4.25113222 0.65332691 0.12235865 0.06795264 0.09893069 0.01705757 0.12579957 1.79334501
3580.00000000 179.00000000 73.01952681 155.82343161 82.80390481 3.75582340 0.83906439 0.83906439 0.00000000 53.86068227 132.08890350 78.22822124 2.99937576 2.97062789 1.65624764 0.29829613 2.08361842 0.76225699 0.32761203 0.24448332 0.29876646 0.08898058 4.34146573 0.58103571 0.10732965 0.05977209 0.08926140 0.01705757 0.13006397 1.78458844
3590.00000000 179.50000000 73.00828957 155.83466885 82.82637927 3.77492331 0.95954886 0.95954886 0.00000000 53.84903592 132.11197513 78.26293920 3.05456533 2.79677164 1.76852119 0.29715175 2.07962599 0.77909626 0.30809572 0.24637974 0.30206386 0.08829917 4.32484426 0.60699098 0.09492297 0.06070298 0.09124258 0.01705757 0.13006397 1.78108581
3600.00000000 180.00000000 73.04128683 155.80167159 82.76038476 3.72749880 0.82819977 0.82819977 0.00000000 53.84818271 132.12769680 78.27951409 3.05041620 2.65487466 1.81649779 0.25421213 2.08317885 0.78743424 0.28104643 0.20000401 0.25521890 0.06462381 4.33963413 0.62005268 0.07898710 0.04000161 0.06513669 0.01705757 0.14072495 1.78633975
3610.00000000 180.50000000 73.11935537 155.72360305 82.60424768 3.75187400 0.98682875 0.98682875 0.00000000 53.81537736 132.09328520 78.27790784 3.04880696 3.03548574 1.82793176 0.24575375 2.04313081 0.77211551 0.27449809 0.18654263 0.24682475 0.06039491 4.17438352 0.59616236 0.07534920 0.03479815 0.06092246 0.01492537 0.13219616 1.80035026
3620.00000000 181.00000000 73.12408134 155.71887708 82.59479574 3.74153888 0.93215503 0.93215503 0.00000000 53.81278993 132.10081993 78.28803000 3.17502062 2.80174714 1.83963829 0.26239618 1.98871649 0.76994781 0.29624588 0.19058067 0.26371591 0.06885175 3.95499327 0.59281963 0.08776162 0.03632099 0.06954608 0.01492537 0.11727079 1.78809107
3630.00000000 181.50000000 73.04382111 155.79913731 82.75531619 3.75299880 1.12137428 1.12137428 0.00000000 53.80702508 132.05476022 78.24773514 3.17605058 2.72565976 1.73870248 0.29122389 2.05313762 0.82469709 0.30918019 0.23456749 0.29509490 0.08481135 4.21537407 0.68012529 0.09559239 0.05502191 0.08708100 0.01705757 0.12366738 1.80385289
3640.00000000 182.00000000 73.01582751 155.82713091 82.81130341 3.76399460 1.00496546 1.00496546 0.00000000 53.81012962 132.05841574 78.24828612 3.13193889 2.82363313 1.78211892 0.31199558 2.02878764 0.79772986 0.32405615 0.25422778 0.31760831 0.09734124 4.11597928 0.63637294 0.10501239 0.06463176 0.10087504 0.01705757 0.13006397 1.78283713
3650.00000000 182.50000000 72.97848925 155.86446917 82.88597991 3.77036537 0.98585659 0.98585659 0.00000000 53.82993265 132.10910456 78.27917190 2.99731925 2.93499248 1.84121866 0.31665821 2.01614111 0.84246287 0.33334152 0.26981576 0.31959353 0.10027242 4.06482498 0.70974369 0.11111657 0.07280055 0.10214003 0.01705757 0.12579957 1.80385289
3660.00000000 183.00000000 72.96412329 155.87883513 82.91471184 3.74606206 1.06992581 1.06992581 0.00000000 53.83887742 132.09473217 78.25585474 3.10108907 2.97443015 1.78249763 0.30264089 2.10355686 0.78623009 0.32739641 0.25186881 0.30394827 0.09159151 4.42495147 0.61815775 0.10718841 0.06343790 0.09238455 0.01705757 0.12579957 1.78809107
3670.00000000 183.50000000 73.04389660 155.79906182 82.75516522 3.74361150 0.88422542 0.88422542 0.00000000 53.84559711 132.15665251 78.31105540 2.98445899 2.85211674 1.81442830 0.30766956 2.08766859 0.86129763 0.32881589 0.26241061 0.30918591 0.09466056 4.35836015 0.74183360 0.10811989 0.06885933 0.09559593 0.01705757 0.13006397 1.78283713
3680.00000000 184.00000000 72.94861268 155.89434574 82.94573307 3.76146671 0.93115743 0.93115743 0.00000000 53.83423935 132.09827771 78.26403835 3.17707741 2.93972391 1.84518458 0.32413862 2.10875583 0.86512732 0.33177991 0.27962584 0.32907755 0.10506584 4.44685116 0.74844528 0.11007791 0.07819061 0.10829203 0.01705757 0.12153518 1.80035026
3690.00000000 184.50000000 72.99825590 155.84470252 82.84644663 3.75028848 0.87553222 0.87553222 0.00000000 53.84367800 132.10507379 78.26139579 2.87394947 2.93554166 1.83654190 0.30295185 2.06851023 0.83136538 0.30953446 0.25703478 0.30831376 0.09177982 4.27873455 0.69116840 0.09581158 0.06606688 0.09505737 0.01705757 0.10660981 1.80735552
3700.00000000 185.00000000 73.01743342 155.82552500 82.80809158 3.72026805 1.29044066 1.29044066 0.00000000 53.83692449 132.07355737 78.23663288 2.97126044 2.89465067 1.78740673 0.30994346 2.07475421 0.88799953 0.32396837 0.26401575 0.31342582 0.09606495 4.30460502 0.78854316 0.10495550 0.06970432 0.09823575 0.01918977 0.12153518 1.79334501
3710.00000000 185.50000000 72.97852956 155.86442886 82.88589930 3.77072962 0.86276467 0.86276467 0.00000000 53.84794117 132.10524559 78.25730443 3.17911117 2.76308151 1.76002496 0.31446308 2.09274894 0.84477132 0.33845312 0.27307853 0.31468028 0.09888703 4.37959811 0.71363859 0.11455051 0.07457189 0.09902368 0.01705757 0.12366738 1.78108581
3720.00000000 186.00000000 73.02694099 155.81601743 82.78907643 3.75437306 1.15183714 1.15183714 0.00000000 53.83188678 132.06290782 78.23102104 3.11690457 2.97412895 1.78542960 0.33351971 2.16804447 0.84992531 0.37016836 0.28123370 0.33188139 0.11123539 4.70041682 0.72237304 0.13702461 0.07909239 0.11014526 0.01918977 0.12579957 1.77583187
3730.00000000 186.50000000 73.03445914 155.80849928 82.77404015 3.77142968 0.74094429 0.74094429 0.00000000 53.82533196 132.09704965 78.27171770 3.12303277 2.93423498 1.81573812 0.31511314 2.10559695 0.83266204 0.34484128 0.25774083 0.31602080 0.09929629 4.43353853 0.69332608 0.11891551 0.06643034 0.09986914 0.01705757 0.13006397 1.78984238
3740.00000000 187.00000000 73.08751186 155.75544656 82.66793470 3.73537731 0.90076192 0.90076192 0.00000000 53.84383412 132.11160885 78.26777473 3.02543732 2.88964447 1.80489637 0.33710584 2.11145560 0.85069604 0.36906789 0.28099628 0.33730979 0.11364035 4.45824474 0.72368376 0.13621111 0.07895891 0.11377790 0.01705757 0.13432836 1.79509632
3750.00000000 187.50000000 72.95022753 155.89273089 82.94250336 3.72509507 1.31256145 1.31256145 0.00000000 53.86426248 132.08694568 78.22268320 3.03199590 2.98900919 1.81738886 0.33942466 2.16532618 0.84224598 0.36600198 0.29891962 0.33886778 0.11520910 4.68863748 0.70937829 0.13395745 0.08935294 0.11483137 0.01705757 0.13006397 1.78108581
3760.00000000 188.00000000 72.95790678 155.88505164 82.92714487 3.74890373 1.09536613 1.09536613 0.00000000 53.85414414 132.12887437 78.27473023 3.03508958 2.96938449 1.79026832 0.31888195 2.09955809 0.85497237 0.34689808 0.27774681 0.31798263 0.10168570 4.40814419 0.73097775 0.12033828 0.07714329 0.10111295 0.01705757 0.11300640 1.79859895
3770.00000000 188.50000000 73.00681084 155.83614758 82.82933674 3.73130655 1.06780381 1.06780381 0.00000000 53.84436934 132.09087955 78.24651021 3.10604662 3.07078611 1.83012688 0.34709353 2.08456822 0.81887257 0.36939770 0.30667591 0.34768189 0.12047392 4.34542467 0.67055228 0.13645466 0.09405011 0.12088270 0.01705757 0.11300640 1.77408056
3780.00000000 189.00000000 73.05250763 155.79045079 82.73794315 3.72489102 0.98238779 0.98238779 0.00000000 53.84644152 132.10509781 78.25865629 3.02774519 2.94438295 1.79717493 0.29663785 2.13039403 0.79658044 0.34693563 0.24439336 0.29088213 0.08799401 4.53857873 0.63454040 0.12036433 0.05972812 0.08461241 0.01705757 0.11940299 1.78809107
3790.00000000 189.50000000 72.97177683 155.87118159 82.89940477 3.77666064 0.89982842 0.89982842 0.00000000 53.85478028 132.13798874 78.28320846 2.99487306 2.89292168 1.77999009 0.32583934 2.18666228 0.82109314 0.36207961 0.27286089 0.32438411 0.10617127 4.78149193 0.67419395 0.13110164 0.07445307 0.10522505 0.01705757 0.12366738 1.80035026
3800.00000000 190.00000000 72.93235106 155.91060736 82.97825630 3.74924590 1.20569991 1.20569991 0.00000000 53.86655726 132.11271459 78.24615733 3.03013935 2.95055741 1.75888166 0.36508584 2.11769572 0.86810867 0.38758365 0.33008873 0.36484129 0.13328767 4.48463517 0.75361266 0.15022108 0.10895857 0.13310917 0.01492537 0.12579957 1.80735552
3810.00000000 190.50000000 72.90461294 155.93834548 83.03373254 3.75345712 1.39613810 1.39613810 0.00000000 53.84698517 132.10637428 78.25938912 3.08252534 2.85492954 1.69433247 0.35412951 2.05616598 0.84879874 0.39104188 0.30591800 0.35190175 0.12540771 4.22781856 0.72045930 0.15291375 0.09358582 0.12383484 0.01705757 0.13219616 1.77933450
3820.00000000 191.00000000 72.97060867 155.87234975 82.90174109 3.76397010 1.16474825 1.16474825 0.00000000 53.82804482 132.06985996 78.24181515 3.02080330 2.95085601 1.85871879 0.30704319 2.07491159 0.81854163 0.33167509 0.24826623 0.30948701 0.09427552 4.30525810 0.67001040 0.11000836 0.06163612 0.09578221 0.01705757 0.12153518 1.78633975
3830.00000000 191.50000000 72.99405689 155.84890153 82.85484464 3.75181214 0.92417152 0.92417152 0.00000000 53.83464354 132.05519524 78.22055170 3.09430574 2.78818018 1.76579171 0.29988533 2.04512667 0.88822143 0.32776826 0.25478267 0.29954217 0.08993121 4.18254310 0.78893731 0.10743203 0.06491421 0.08972551 0.01705757 0.13006397 1.79159370
3840.00000000 192.00000000 72.96480572 155.87815270 82.91334698 3.78870999 0.89042560 0.89042560 0.00000000 53.84086986 132.10326931 78.26239945 3.06592863 2.99812624 1.85013095 0.31019855 2.08669475 0.82497807 0.33653502 0.26287259 0.31062061 0.09622314 4.35429500 0.68058882 0.11325582 0.06910200 0.09648516 0.01705757 0.12579957 1.77933450
3850.00000000 192.50000000 72.98633822 155.85662020 82.87028198 3.78099469 1.14994743 1.14994743 0.00000000 53.85006066 132.08703383 78.23697317 3.00786844 2.94964044 1.70254765 0.29946915 2.14601907 0.84776588 0.32914789 0.23732675 0.30096057 0.08968177 4.60539785 0.71870699 0.10833833 0.05632398 0.09057726 0.01918977 0.12153518 1.78283713
3860.00000000 193.00000000 72.97850773 155.86445069 82.88594296 3.77577103 1.06428060 1.06428060 0.00000000 53.83972142 132.09864810 78.25892668 3.04544851 2.90193828 1.81813920 0.28440946 2.18871043 0.82745572 0.31633512 0.22572628 0.28475138 0.08088874 4.79045334 0.68468297 0.10006791 0.05095235 0.08108335 0.01705757 0.11300640 1.79859895
3870.00000000 193.50000000 72.95316392 155.88979450 82.93663058 3.76355341 1.19877207 1.19877207 0.00000000 53.84002249 132.05529063 78.21526814 3.11958729 2.99686172 1.75083234 0.29172541 2.12454921 0.83813895 0.31986936 0.23909059 0.29233048 0.08510372 4.51370934 0.70247689 0.10231640 0.05716431 0.08545711 0.01918977 0.12793177 1.78809107
3880.00000000 194.00000000 72.96897436 155.87398406 82.90500970 3.73477617 1.16349914 1.16349914 0.00000000 53.84417858 132.10766789 78.26348931 3.04842122 2.81406442 1.84269362 0.34053585 2.14568217 0.88734176 0.37262143 0.28317160 0.34089182 0.11596466 4.60395196 0.78737540 0.13884673 0.08018615 0.11620723 0.01918977 0.12366738 1.78984238
3890.00000000 194.50000000 73.02321305 155.81974537 82.79653231 3.72196684 0.99171917 0.99171917 0.00000000 53.85467347 132.09574539 78.24107192 3.17159767 2.82174645 1.81990331 0.32286749 2.13729771 0.87892021 0.35121595 0.28154061 0.32191483 0.10424342 4.56804151 0.77250073 0.12335264 0.07926512 0.10362916 0.01705757 0.12153518 1.76882662
3900.00000000 195.00000000 72.97735163 155.86560679 82.88825516 3.74177108 1.17166412 1.17166412 0.00000000 53.84933262 132.12013022 78.27079760 3.05763235 3.04333733 1.84980728 0.31169636 2.16620073 0.85211821 0.33854384 0.26525125 0.31185952 0.09715462 4.69242559 0.72610545 0.11461193 0.07035823 0.09725636 0.01918977 0.11727079 1.79334501
3910.00000000 195.50000000 72.95841454 155.88454388 82.92612935 3.73948865 0.98050281 0.98050281 0.00000000 53.85798465 132.13546504 78.27748039 3.14494037 2.85580466 1.85065287 0.29291439 2.14449607 0.84067877 0.34076843 0.24689728 0.28698060 0.08579884 4.59886340 0.70674080 0.11612312 0.06095827 0.08235787 0.01705757 0.11940299 1.78458844
3920.00000000 196.00000000 73.06907641 155.77388201 82.70480561 3.71003078 1.10534005 1.10534005 0.00000000 53.84984790 132.13057662 78.28072872 3.07832925 2.97967680 1.76852697 0.32508861 2.08015029 0.85303004 0.36640004 0.27744094 0.32144341 0.10568261 4.32702524 0.72766024 0.13424899 0.07697348 0.10332587 0.01918977 0.11727079 1.79159370
3930.00000000 196.50000000 72.93826091 155.90469751 82.96643661 3.75600757 1.01329928 1.01329928 0.00000000 53.86169801 132.09951675 78.23781874 3.11422408 2.83564616 1.83406971 0.35915529 2.12939618 0.89563350 0.39784865 0.32055387 0.35502496 0.12899252 4.53432809 0.80215937 0.15828355 0.10275478 0.12604272 0.01705757 0.12793177 1.77583187
3940.00000000 197.00000000 73.01742946 155.82552896 82.80809951 3.75754036 1.09752711 1.09752711 0.00000000 53.84355810 132.11954464 78.27598654 3.06238429 2.92965570 1.85179244 0.33500575 2.11491289 0.85233259 0.37560562 0.29613122 0.33031102 0.11222886 4.47285654 0.72647084 0.14107958 0.08769370 0.10910537 0.01918977 0.11940299 1.78984238
3950.00000000 197.50000000 72.97674507 155.86621335 82.88946828 3.78985307 1.10283417 1.10283417 0.00000000 53.84292339 132.12843087 78.28550748 3.10610288 2.91560446 1.81456845 0.33730239 2.09048831 0.85682282 0.37608000 0.29291903 0.33394458 0.11377290 4.37014136 0.73414535 0.14143616 0.08580156 0.11151898 0.01705757 0.11940299 1.78633975
3960.00000000 198.00000000 73.00630491 155.83665351 82.83034861 3.73272755 0.89907904 0.89907904 0.00000000 53.85613835 132.10508538 78.24894703 3.16759545 2.94124514 1.82839932 0.31126444 2.07991596 0.84208307 0.35763738 0.27016470 0.30514518 0.09688555 4.32605039 0.70910389 0.12790450 0.07298896 0.09311358 0.01705757 0.13646055 1.79859895
3970.00000000 198.50000000 73.02880133 155.81415709 82.78535576 3.72377690 1.01096020 1.01096020 0.00000000 53.82767007 132.03419717 78.20652710 3.08560047 2.88927351 1.85104724 0.26538432 2.09674006 0.83567733 0.27580441 0.20706665 0.27131360 0.07042884 4.39631890 0.69835660 0.07606807 0.04287660 0.07361107 0.01918977 0.12793177 1.78283713
3980.00000000 199.00000000 73.01131670 155.83164172 82.82032502 3.75599717 1.12022519 1.12022519 0.00000000 53.84167405 132.09164721 78.24997316 2.94266330 2.94118518 1.84355608 0.30022961 2.04949362 0.84276391 0.33263642 0.25867724 0.29812946 0.09013782 4.20042408 0.71025101 0.11064699 0.06691392 0.08888118 0.01705757 0.12793177 1.79334501
3990.00000000 199.50000000 72.95229002 155.89066840 82.93837839 3.76758268 1.00302262 1.00302262 0.00000000 53.85188919 132.09773532 78.24584613 2.96369018 2.90747027 1.90704608 0.27070887 2.04958881 0.82525709 0.30621334 0.22022229 0.26887427 0.07328329 4.20081430 0.68104927 0.09376661 0.04849786 0.07229337 0.01705757 0.13219616 1.77933450
4000.00000000 200.00000000 72.95498978 155.88796864 82.93297886 3.76876633 1.12524534 1.12524534 0.00000000 53.84056176 132.09848113 78.25791937 3.14778464 2.87287465 1.85011578 0.26264148 2.07047853 0.83447784 0.29398671 0.21896693 0.26100634 0.06898055 4.28688134 0.69635326 0.08642819 0.04794652 0.06812431 0.01918977 0.12793177 1.78809107
